x,20_WW_BL_TP1,20_WW_BL_TP3,20_WW_BL_TP5,10_WW_BL_TP1,10_WW_BL_TP3,10_WW_BL_TP5,5_WW_BL_TP1,5_WW_BL_TP3,5_WW_BL_TP5,20_D_BL_TP1,20_D_BL_TP3,20_D_BL_TP5,10_D_BL_TP1,10_D_BL_TP3,10_D_BL_TP5,5_D_BL_TP1,5_D_BL_TP3,5_D_BL_TP5,Gap1,20_WW_ML_TP1,20_WW_ML_TP3,20_WW_ML_TP5,10_WW_ML_TP1,10_WW_ML_TP3,10_WW_ML_TP5,5_WW_ML_TP1,5_WW_ML_TP3,5_WW_ML_TP5,20_D_ML_TP1,20_D_ML_TP3,20_D_ML_TP5,10_D_ML_TP1,10_D_ML_TP3,10_D_ML_TP5,5_D_ML_TP1,5_D_ML_TP3,5_D_ML_TP5,Gap2,20_WW_TL_TP1,20_WW_TL_TP3,20_WW_TL_TP5,10_WW_TL_TP1,10_WW_TL_TP3,10_WW_TL_TP5,5_WW_TL_TP1,5_WW_TL_TP3,5_WW_TL_TP5,20_D_TL_TP1,20_D_TL_TP3,20_D_TL_TP5,10_D_TL_TP1,10_D_TL_TP3,10_D_TL_TP5,5_D_TL_TP1,5_D_TL_TP3,5_D_TL_TP5
Zm00001d004894,201895.51,69076.11,72760.03,77205.70889,95402.46794,61917.01441,253115.9299,93542.98648,61529.14755,122031.29,84574.19,37110.66,137663.5142,53508.16458,32752.22679,108242.3941,68749.88357,48468.89681,0,155241.74,29436.65,32385.42,53044.23678,46665.63747,36668.00614,183468.523,60773.83657,40240.38029,78420.26,39174.63,29796.96,62789.8294,38085.68319,36128.31511,47677.32408,41128.08493,36050.64978,0,55775.57,14201.15,16987.09,31676.35117,19028.48436,18025.34296,33380.06029,47971.09459,17848.51802,17788.15,15606.16,16122,16721.72616,14337.29612,14419.44477,18523.07682,18434.63297,24148.10644
Zm00001d024027,23597.6,18233.77,15107.73,5784.086731,15671.83761,14565.08854,69753.56687,20631.8248,11279.55184,63497.67,71580.23,36534.18,61467.15076,57604.92359,34336.92796,68500.33802,55142.23573,47172.58163,0,6960.81,9231.1,7784.48,4098.734832,7238.195284,8845.864471,18178.18108,8035.975434,8381.550588,30063.59,27945.64,13509.43,22950.88587,28875.33562,15094.13635,26203.57055,30347.71635,19744.05672,0,4271.78,4959.36,4318.74,3360.34549,4146.727309,6231.25553,5996.151492,7060.739018,6965.615971,14828.44,14843.03,6443.96,12663.97488,14593.98011,8708.073949,16529.47539,17736.90887,10798.44971
Zm00001d013493,2942.2,2838.07,51333.7,660.6777734,2540.787519,50133.68599,1343.955698,2183.836182,60956.06041,4762.5,5687.55,57450.94,3351.089425,6589.289509,61248.14162,2096.745481,7365.102771,59295.82888,0,1318.38,1733.54,20532.32,302.9120607,754.1859214,25709.87494,538.4701074,1132.868388,21827.06315,1232.09,3255.31,34436.78,985.3678108,2595.579036,38247.62462,1372.261846,2042.695484,44579.51215,0,1699.66,1358.1,4068.59,533.1193818,307.080406,5154.000826,436.2406463,837.3927501,2656.232135,689.23,1524.34,10105.51,1801.396246,762.5347363,8401.562362,816.1725598,1195.750972,8690.377522
Zm00001d049099,7315.4,10716.39,19083.67,12768.05947,13715.23241,25844.83635,7231.218859,8602.837197,29717.85654,6615.04,8768.95,21038.67,7296.585248,9984.308459,25332.66012,7840.471119,8969.775629,21324.14743,0,13270.49,18576.65,19183.92,15651.47204,23844.88387,29733.73445,12591.46614,14326.60252,31145.40541,11474.74,15780.73,21093.92,11457.90497,17899.36367,23507.60417,16214.87704,14501.53291,22822.47636,0,14246.33,12592.9,12298.22,14166.04951,17217.93457,18247.92282,15424.95954,14714.33236,17080.14768,11077.32,16166.36,13238.52,11645.04742,15066.98432,14098.62686,13747.88306,13715.2455,14788.08527
Zm00001d053394,4462.86,9269.38,18351.47,9953.255368,13088.93997,21315.36503,4430.375616,9206.220104,19537.89653,2912.43,4857.91,9711.02,3887.16221,5507.008888,15058.98138,3813.227025,3672.76287,14003.06612,0,6082.76,11180.07,12211.11,12305.19428,16928.01624,19969.61622,5430.132129,10647.96971,20939.26982,5140.51,7388.02,9358.31,4849.537159,7577.095166,12809.10131,7273.404596,7575.058281,10962.0822,0,8420.45,15332.96,14609.97,15965.13442,20888.54102,25839.24517,9350.510014,17130.45071,21480.4405,7808.26,11063.23,8419.6,8324.085238,11906.16485,9795.447074,8902.050991,9618.590312,11884.40002
Zm00001d047765,5893.36,6607.61,13839.61,6917.903547,8185.493473,17190.72127,6265.280862,5566.964628,11815.20111,6438.61,7972.8,10631.13,6761.587204,7381.062265,14265.86119,6019.392848,5983.091829,13653.07084,0,9443.16,7177.83,9987.52,10457.992,9354.044967,12270.68354,9363.327815,8017.205684,10788.83538,10065.54,9910.29,11508.73,8924.262409,10537.15002,12871.6024,9360.080995,7868.704013,12359.59649,0,8409.51,7300.39,9491.24,9061.013395,9329.343698,13093.04962,8720.737916,9666.72648,9758.58106,10151.12,9189.25,8275.97,10120.28873,9958.322239,9174.599992,9696.648843,7250.92903,9640.949818
Zm00001d006008,4634.87,5991.65,7866.27,7025.211107,6733.42241,9068.27294,3428.989412,4806.096077,10956.70531,3181.44,3315.53,5238.87,3131.787055,4106.020911,6640.526659,3237.311486,4327.972065,5196.528831,0,8301.43,10115.79,10033.83,8575.254316,11252.95262,15267.95337,7361.989454,8321.551524,14903.23586,5393.08,7663.32,8577.91,6015.994269,7608.378685,8996.496552,6660.840019,7382.174242,9151.899501,0,10400.9,7526.72,9505.89,10667.60198,8260.020536,12436.30492,9897.384336,9536.330466,11402.78869,6549.65,6910.03,6079.44,7217.18556,6621.082153,7000.190541,8530.380838,7117.005504,8913.687544
Zm00001d000279,31291.7,8952.11,6089.91,6574.731872,10050.49773,4095.839668,42739.31465,9271.834102,4256.869298,27379.41,12801.49,4980.33,29976.20404,12906.15181,2939.294041,17856.6021,17613.70376,6903.045501,0,7492.71,2789.19,2549.96,2817.237313,3358.079072,2603.882175,15668.69591,3672.177065,3231.269089,9220.61,4626.84,2462.08,7743.200859,3586.92009,2382.601451,4411.425682,5674.810924,3349.456807,0,3314.64,1586.47,2090.99,2502.509519,1895.56848,2092.106158,2802.09604,3221.852021,1899.914975,2744.21,2319.59,1822.09,2074.767784,2019.5876,1859.226942,2596.48935,2080.706473,2546.504932
Zm00001d006402,33402.09,9642.97,6740.4,7165.349439,10743.21391,4489.011287,43149.84857,9937.608298,4748.331408,28680.64,12897.52,5380.93,30260.80018,13798.11207,3279.419729,18896.49577,19126.60635,7423.700662,0,8202.05,3311.63,2968.35,3325.876438,3882.196645,3122.384362,16759.8803,4119.404574,3644.205141,9727.23,5018.56,2869.64,8526.086387,3972.976493,2720.432203,4965.415917,6265.047704,3758.59405,0,3874.4,1863.68,2537.44,2953.304526,2290.769842,2577.55039,3172.446981,3609.358306,2408.911874,3198.47,2684.67,2193.81,2440.246092,2277.100708,2145.595295,2983.518774,2498.646968,2899.846063
GRMZM5G815453,24121.8,6868.58,4609.94,5075.78852,7726.563574,3122.709613,33291.611,7170.513393,3248.477919,21117.62,9931.64,3907.03,23091.64332,9877.883267,2266.935719,13798.19903,13651.96351,5343.697778,0,5745.72,2080.27,1980.99,2154.570866,2606.470315,2031.796465,12052.4421,2845.869647,2533.264455,7076.02,3638.57,1920.67,6065.325148,2811.816649,1904.83835,3434.337371,4370.260787,2583.139836,0,2533.16,1213.17,1627.99,1921.850153,1508.454819,1605.25266,2156.460183,2480.892319,1483.720673,2138.6,1848.52,1451.41,1591.516101,1567.038421,1442.046975,1971.978749,1676.547499,1996.007145
Zm00001d026501,21396.09,7445.23,8086.23,7139.466472,8440.121324,5852.405309,32326.68578,8215.971294,6576.898583,19202.38,9963.39,5708.54,18364.35786,9008.616612,4784.952665,13759.865,12233.82994,7048.060865,0,10118.12,3484.28,4399.52,5863.093164,4255.271693,4833.735854,11842.0252,5317.194267,5268.08567,7896.68,4942.24,4027.05,7272.524529,4728.309933,4586.973872,6032.398623,5801.319464,4581.795108,0,6319.65,2284.53,2897.18,5059.151539,2167.932729,3134.623912,5152.273684,5049.675488,3132.192211,3701.93,3178.03,2944.76,4062.113991,2833.902126,3259.511213,3926.64524,3147.128287,4214.747586
Zm00001d028151,8181.27,5755.66,6416.88,3378.490216,5949.773433,6333.242932,6148.315607,2330.905607,4911.746873,5813.72,6548.26,8030.15,5564.903374,4569.429299,8808.986219,5675.666473,4561.976592,10599.76563,0,8328.83,5507.95,4153.84,4185.800538,3938.961006,5349.553604,5314.666341,1827.139338,3216.254778,6806.7,5174.88,5462.32,4608.786604,3847.141054,4931.113215,5159.098366,3733.916662,6313.388663,0,5587.74,3211.46,2683.17,3444.585296,2072.611701,3058.722614,3347.315467,2081.406093,2278.862544,3851.24,4020.81,3411.61,3206.023552,2861.249259,2808.419876,4002.007363,2982.473362,4414.06512
Zm00001d034724,11891.28,5324.58,5034.85,3783.853955,6574.125511,5798.048142,19330.31061,7270.588889,5236.83499,14092.1,9756.99,4476.26,15369.6688,6986.231249,4604.003537,11380.48406,9675.088595,6128.489289,0,9447.3,4397.2,5400.84,5141.530027,6286.352057,6394.081845,11331.01958,7204.30158,6480.44365,10181.51,9752.8,5391.13,8761.238045,8059.244641,6573.855338,8472.30244,8388.563033,7224.572717,0,7825.68,3641.69,4274.44,5949.139655,5060.572808,5443.074836,6314.328331,7172.8591,5239.131401,7206.84,6097.06,4268.06,6678.249096,5776.23368,4570.580365,9693.363613,5552.495447,6821.570515
Zm00001d048021,1228.47,2094.38,16094.91,499.9485406,1521.621353,17164.36891,1040.595271,912.4071286,17056.34158,1451.58,2463.75,22452.51,1255.99161,1828.56536,18660.5519,804.3965915,1914.471734,16691.08074,0,672.81,1130.88,4865.2,310.1431402,896.3888834,7489.660241,275.255126,427.2480391,4852.32513,547.44,1981.48,8424.23,586.0010872,781.5255129,7788.060375,583.1068128,688.3326261,7919.987308,0,1137.68,2733.23,1954.6,553.2004372,3125.511456,3682.534875,588.208694,1330.022909,1576.230653,539.14,4482.23,4449.06,1786.449656,887.8534461,4145.226317,649.1780439,1054.956166,8222.63126
Zm00001d049267,6302.33,2373,1906.7,1896.622241,2597.654749,1823.834458,10635.19837,3553.678763,1811.325447,8177.63,6493.17,1993.52,9135.469608,4449.393203,1857.797043,6996.890972,6339.628166,3114.257672,0,3805.65,861.94,984.94,925.008406,1197.822001,1106.280234,4551.871803,1852.17933,1236.078548,5589.33,4429.71,2121.76,4297.666484,3860.190708,2371.671224,3502.147111,4075.216226,3035.772258,0,1768.34,489.16,711.83,920.8363267,703.8670424,682.1634672,1082.145149,1575.447064,744.0112653,2314.15,1949.98,1465.85,1897.858475,2065.48267,1393.475676,2893.338011,2292.271278,2333.572693
Zm00001d045698,3479.18,1113.95,611.39,704.3828656,1274.466117,484.6993695,6858.653721,1185.165801,428.3141834,3604.74,2026.96,501.59,4677.625113,1333.69059,312.0408742,2042.881002,1860.456518,680.9758384,0,898.38,312.92,276.05,303.6879205,369.2007145,273.1305226,1802.312287,479.3932086,319.8295969,1218.14,594.92,246.21,851.6618772,462.4464638,270.821238,498.7790209,602.700451,345.5696548,0,391.95,190.21,228.09,275.2300439,222.8251744,216.2036684,356.386323,437.8417757,205.7780911,362.22,305.71,216.67,249.1306398,277.1077424,194.6769495,294.3196369,247.1644701,293.6637312
Zm00001d033649,2712.69,1217.69,839.45,1028.293404,1394.531154,711.1165457,4662.48779,1486.206606,975.6475688,4247.63,2647.68,1273.54,4235.277897,2104.808296,712.0669802,3471.455173,2775.652215,1597.057736,0,1292.01,804.64,642.92,809.6985537,842.2971983,599.3269906,2035.050274,951.7680708,590.4814493,1651.7,1003.32,551.8,1506.411604,1049.913587,576.2075521,1256.569497,1223.704646,722.2432928,0,854.09,478.15,475.96,601.0076701,474.7287157,415.3171327,969.5576604,961.3956855,460.004064,921.42,658.64,543.42,791.7221983,759.0326801,537.7195904,1039.845305,767.3988319,677.3859357
Zm00001d043970,3314.77,1553.01,1113.55,1174.139338,1555.80882,905.852748,3857.429399,1913.241353,869.7456374,3135.32,2276.8,775.49,3001.012085,1781.058697,719.2217206,2588.054742,2082.462193,1109.840187,0,2030.39,537.98,658.03,585.6590238,577.637938,636.7207657,2165.803288,980.6753415,618.8250765,1850.73,1620.45,775.07,1643.43604,1411.652276,745.1058695,1172.786304,1520.381,1034.252901,0,804.4,310.15,397.43,526.1124219,394.323994,409.9737634,566.4003564,758.8859403,386.9776847,932.29,798.89,548.05,809.8487075,792.6387257,459.4170721,908.6705176,862.024122,754.5514612
Zm00001d042848,3670.28,2097.63,2114.73,1202.809958,1783.304347,1889.532218,6121.825973,2944.086997,2007.580288,4081.62,3480.81,2918.77,4947.894389,3342.807286,2833.636839,4387.779646,4303.672455,3534.692088,0,1207.76,1025.23,922.38,689.1303443,1110.792472,941.7311873,2620.471654,1376.677552,1082.056406,2396.82,2136.38,1690.03,2545.159378,2513.275834,1909.974667,1938.759889,2836.004062,2458.626995,0,799.14,1318.56,881.77,637.1956919,1955.477466,997.4257532,909.9025155,1508.271806,1281.459263,1240.67,1555.14,1273.26,1369.832023,2033.080943,1344.175928,1580.819435,1995.207523,1590.658616
Zm00001d031696,4402.71,2219.43,1981,1467.395794,2249.796598,1733.956301,5950.820611,2468.564335,1467.526536,5550.14,4136.99,2051.75,5687.956913,2668.001589,1769.79066,4452.204614,3235.135995,2492.872175,0,2971.86,1091.99,1214.2,1034.02652,999.0245539,992.1855509,3065.322555,1394.516949,996.9066327,3809.28,2738.75,1886.43,3098.65532,2330.10026,1659.159801,2474.712361,2387.233428,2032.225556,0,1445.59,663.91,799.31,851.2362028,591.093476,680.9159662,1031.918232,1188.626089,730.9282158,1647.98,1421.39,1231.66,1522.951499,1384.22079,934.8729691,1413.435941,1260.170951,1400.360552
Zm00001d050022,4696.77,2386.09,2184.75,1153.918412,2121.927426,1559.934953,7047.871372,2541.292933,1514.798293,5685.54,4813.65,2336.82,6090.568621,3321.791326,1625.873617,4837.118764,4441.915282,3000.126701,0,1998.32,890.04,926.87,887.2720215,1128.714766,870.6197778,2674.510831,1096.556591,800.7518335,2995.54,2048.86,1454.99,2436.402745,1822.515357,1412.755425,1706.779014,2201.720279,1702.089599,0,827.23,442.93,411.07,429.1645207,411.3718116,420.4319956,573.6793243,716.6278958,421.5296606,1023.14,851.62,1061.63,953.6865509,951.4424675,968.3164417,899.6074049,1190.683403,1201.538373
Zm00001d041701,6154.33,2324.14,1808.99,1876.007862,2589.877835,1647.699285,9266.202991,3298.211164,1812.143911,5766.58,3977.23,1449.34,6590.679972,2664.336411,1102.311493,4659.432441,3566.914166,1980.907559,0,3910.61,1024.3,1242.49,1296.415912,1479.427041,1420.55268,4901.152151,2031.737599,1470.263364,3315.96,2479.44,1224.48,2743.404066,2160.045527,1332.320412,2117.352669,2469.970467,1500.103274,0,1973.17,768.43,909.3,1055.60593,978.4041889,1099.670409,1425.88824,1806.898833,1100.601068,1758.39,1265.71,902.82,1356.280092,1410.254264,828.4693449,1876.488957,1393.256558,1210.660379
Zm00001d003459,7089.63,2684.92,2076.97,1448.70976,2751.802935,1694.550579,7768.368628,2849.310453,1367.969442,4725.59,2520.41,1202.57,4429.173878,1793.17867,1079.879929,3493.226091,2759.968352,1863.859274,0,4182.24,1282.63,1408.48,1363.034871,1594.557439,1582.88463,4307.195353,1768.624754,1367.735438,2233.06,1396.45,947.18,1734.997529,1151.533578,1020.370284,1233.146017,1440.331131,1135.06487,0,2170.74,717.98,684.3,1071.247909,681.6141013,859.633069,1132.341039,1473.211651,822.8747093,949.15,680.11,554.72,838.3906612,718.703306,457.2494849,883.6034622,698.1287219,676.2627662
Zm00001d029183,4070.03,3314.35,5193.12,2362.743832,2778.732927,3735.919918,2793.62976,2428.970358,4385.525425,2702.64,2405.16,5161.64,2515.159174,1927.377656,5704.668844,2235.940648,1716.210093,4577.459848,0,4379.6,1613.16,2344.61,1671.186025,1392.295802,2176.622881,3165.531935,1609.971272,2219.035857,2345.6,1651.74,2629.34,2151.300857,1395.237697,2660.343362,1618.779033,1525.506055,2163.425152,0,2754.53,730.72,1224.01,1174.258269,686.699296,1181.318711,1735.123482,1306.957312,944.9491246,1825.37,940.65,1093.37,1562.917061,657.7469406,842.566125,1968.523379,781.8211059,1008.302122
Zm00001d048558,559.86,1299.3,5414.68,271.4839574,931.3798144,6240.864164,580.5960094,630.2934556,4878.185047,963.81,2791.35,8113.39,1044.939902,1765.983565,8093.146834,869.1013585,1229.681438,9665.999381,0,290.72,563.8,2262.32,167.364727,360.8519071,2831.385408,107.4713155,300.0602478,1731.50708,556.3,1146.39,6304.56,436.302568,938.6365666,6677.384812,512.0903327,766.9236043,5016.289423,0,392.58,360.8,595.03,260.92946,90.22239277,993.0529729,143.8822908,205.1881152,276.5392877,446.02,963.81,2856.95,838.7913552,482.3628244,1994.629126,576.5751424,398.7234411,1844.118846
Zm00001d040281,1286.45,1343.29,1767.83,1864.550096,1787.415747,1995.067992,1609.990582,1107.835502,2092.005403,1344.7,1492.55,1841.97,1449.497535,1184.728853,2293.081726,1364.184854,1157.637517,2050.737656,0,2634.26,2437.91,2387.95,3003.738071,3434.217424,2931.290832,2941.120293,2563.131413,2983.585572,2627.65,2309.13,2372.93,2426.98212,2364.098996,2877.668741,2977.738323,1992.215194,2782.420886,0,3453.61,2835.4,2347.55,3414.574876,3738.586891,3154.947782,3537.22571,3411.997484,2564.143787,3341.24,2673.44,2128.8,3359.203381,2864.137206,2239.085378,3638.830569,2102.99829,2542.40941
Zm00001d049405,1721.38,1428.68,1707.48,1817.770519,1774.039295,1616.039659,2684.488992,2279.094043,1856.035138,2076.81,1788.38,1137.1,2185.272315,1475.709034,1249.501131,1604.948954,1634.598565,1656.972915,0,2160.84,1612.65,2032.65,1917.104206,2119.037112,2425.468534,2541.693174,2494.506337,2443.399867,2208,2250.04,1694.88,1847.200976,2171.37221,2138.598524,1996.724252,1962.870953,2596.020561,0,2649.63,3234.07,3286.26,2912.931332,4125.627317,4573.687624,2674.033729,3480.093047,4057.635668,2173.72,2913.49,2592.33,2245.996918,3112.481149,3092.276532,2534.517559,2222.331355,3206.270363
Zm00001d044340,232.56,698.08,736.09,904.3386932,797.1788737,746.2737354,64.36358463,557.4016375,1066.346492,77.68,157.58,451.38,74.56335422,145.6394369,781.9656567,81.39289802,134.4597612,594.5345353,0,1067.91,2456.98,1685.97,1780.576063,3069.070243,2061.246944,789.094847,2025.483837,2667.753059,590.21,799.51,744.21,462.3361023,911.568675,1175.691663,875.6139057,834.1757313,1080.036918,0,1888.19,2817,1904.87,2173.725475,3797.900476,2687.360933,1978.019287,3246.806589,2601.36284,994.74,1539.72,763.23,954.2260029,1556.308788,975.7068855,972.6722712,1104.916182,1082.18783
Zm00001d039316,809.42,1158.04,1611.13,1892.795244,1710.522199,2179.462272,783.5522027,1216.08743,2250.136445,753.75,836.64,1294.1,828.6810791,988.6232326,1644.246406,871.4851906,1004.34687,1243.889941,0,2009.04,1878.2,2246.97,2346.88924,2591.642439,2882.979371,1868.298687,2037.246237,2627.632745,1846.64,1761.58,1927.72,1809.039093,1991.353318,2070.545392,2308.751332,1859.374875,1599.129425,0,2640.91,1684.25,1872.24,2150.454057,2286.225221,2304.407656,2513.196935,2343.944133,2018.026284,2170.41,1677.69,1555.73,2026.915612,2010.158362,1542.525913,2422.994581,1792.76415,1512.822598
Zm00001d036626,828.82,933.36,1862.19,1425.541565,1309.407311,1699.715343,524.1291509,982.9066534,2067.774832,627.93,817.05,1507.55,754.3903211,1135.601795,1857.492199,722.1273898,1100.334282,1637.20762,0,1440.64,1761.68,1992.66,1492.493769,2229.838465,2571.871287,1327.540394,1747.089911,2413.169688,1290.6,1457.03,1953.09,1466.833583,1613.282191,2125.976332,1573.183283,1819.727763,1943.482001,0,1562.11,1324.26,1674.35,1919.555849,1453.153072,2111.108715,1744.182405,1780.247914,1602.791908,1098.86,1265.81,1216.76,1274.334455,1208.316531,1275.350645,1426.546653,1377.883691,1616.786157
Zm00001d017727,796.44,1235.41,1279.5,1340.33372,1586.340039,1649.462248,813.7775133,1047.138935,1665.955557,773.99,1123.2,1515.48,774.0105437,1007.720731,1801.791407,967.3384789,874.8355378,1786.252632,0,1370.48,1712.61,1412.9,1663.347158,2269.607528,1930.359319,1354.801711,1719.341145,2053.891397,1376.65,1423.48,1343.32,1272.198822,1492.322697,1669.186457,1587.082016,1239.531177,1383.868322,0,1833.92,1926.32,1669.94,1633.84111,2315.066909,2239.832542,2043.313465,2096.699221,2138.903117,2125.35,1852.12,1299.55,2064.01091,2099.172047,1545.766562,2263.746282,1468.292394,1544.736822
Zm00001d029778,38.31,50.35,298.28,20.34447922,72.55910253,335.849529,25.67025983,31.69751953,159.4844098,39.28,96.41,390.4,49.18498695,57.99628768,407.1409467,32.12823275,60.33238475,312.4080568,0,60.45,90.79,473.95,36.10062916,96.59141595,610.4051574,36.12043412,83.332042,415.1215564,167,439.94,931.39,81.10384024,245.6393569,806.1352012,80.4333157,151.2184178,784.3976861,0,67.67,140.41,392.24,47.70052218,113.6321858,590.2299635,67.4583995,138.5421063,178.4932009,137.28,548.43,637.85,164.4484844,198.6984158,495.4596076,125.9227928,139.0386007,844.5800204
Zm00001d030086,14.78,75.4,707.3,24.83776014,73.35207692,1071.31976,6.023851081,43.55471448,459.5560778,2.16,12.35,1074.8,5.104754518,14.70799944,610.655691,11.54808801,13.77729738,232.0773423,0,117.96,95.61,1263.2,56.52407203,73.82572492,1635.127742,17.74299035,51.79389769,469.3372211,22.62,65.15,1104.73,15.10423794,69.39205384,946.7685043,84.38160235,40.97202701,231.5425094,0,130.9,271.94,578.17,102.6162768,137.9434035,692.5272198,27.68303158,122.0498294,176.4446519,32.1,127.1,671.61,48.11301878,166.6783294,1071.808128,108.0552821,78.09476347,277.5336586
Zm00001d029246,53.88,48.03,42.64,131.3683711,39.50144427,67.10347326,42.76429174,39.37148656,75.99237596,31.21,32.49,49.97,52.41029199,58.92036,58.48085527,38.85564627,40.13606714,62.51815868,0,96.69,367.49,148.25,222.1383673,428.2950998,291.6280257,118.3935504,196.5716951,219.7017395,231.48,226.95,171.85,226.5504376,173.5343297,234.5393241,377.4811905,271.4601141,269.6569829,0,462.89,990.05,890.69,514.6053066,1139.878379,1199.22007,587.0888796,599.6037002,959.5567118,410.77,795.04,761.91,599.5433534,687.9050636,853.7211146,696.2586923,664.3235056,969.0937331
Zm00001d044849,267.45,334.28,400.09,301.9969486,533.6393604,561.6981413,249.8029641,270.4393543,401.8782979,267.45,319.33,481.92,302.126585,325.2766535,537.7243671,477.5511182,287.944093,558.6871832,0,375.91,311.61,322.54,420.7604058,312.611404,573.5318161,314.9631178,192.6615944,269.3064208,279.57,255.2,388.42,259.5630085,338.1449168,418.1861383,502.7861918,275.2491332,349.5413737,0,267.07,300.66,272.39,395.5586482,329.2661302,375.1518121,265.3853679,208.4967917,249.0954532,221.25,251.53,253.8,200.0419583,273.5207617,355.1170517,472.8492543,212.4918817,257.824831
Zm00001d036328,138.02,217.04,349.21,289.2798769,260.5214341,297.5376125,147.9933908,223.6006047,375.8133333,141.51,170.79,340.31,133.0049315,211.5267436,354.36574,166.2295082,198.9807253,357.7857922,0,220.87,415.65,352.16,368.7304831,528.9876921,480.6729248,246.0222834,352.7284199,508.6329884,291.36,293.45,330.86,250.8242453,294.5445541,332.6332982,330.9455547,319.7723815,331.8649491,0,424.54,584.26,504.78,521.0955533,666.3068695,668.5524514,568.1919586,548.8157638,681.1672145,320.34,427.89,438.16,404.7915151,450.0731068,495.4460629,343.8222469,494.0222631,468.2972188
Zm00001d005083,110.77,116.59,173.09,269.3586709,293.5650902,359.5966239,75.32411269,233.0473428,337.6322258,81.12,155.98,254.75,172.5343197,212.3070718,346.7966889,158.0181319,174.9914876,271.1492331,0,279.64,217.53,309.68,560.0075897,290.0014911,505.211965,375.2262972,302.8868662,356.2320127,282.08,267.28,447.58,249.532911,362.5346233,555.2528161,282.1165658,398.8930163,391.3718481,0,200.8,164.39,330.99,519.6783413,135.4177877,296.1312181,333.795848,249.0328259,296.190741,407.69,233.31,404.48,296.3441111,426.5093324,510.6172868,378.7617898,381.5851049,322.3536388
Zm00001d012732,187.61,200.97,222.59,368.0158053,322.8499536,227.6511573,179.1991008,189.5429642,279.058278,160.45,151.03,149.07,156.8981094,148.037669,173.1480961,141.0404037,149.2426694,202.7592071,0,457.11,321.52,329.51,437.7553691,445.3403158,377.4613962,505.7180682,423.8420995,418.6051224,323.89,200.04,201.65,314.423211,253.6381607,246.0020069,329.9879252,258.384272,211.665739,0,450.21,264.57,316.21,417.3674584,296.4915003,398.5384154,551.2967964,426.7253673,378.3213368,380.08,222.47,165.27,387.3301067,288.4127265,158.9552074,311.2576595,210.1098131,196.093269
Zm00001d018415,117.16,151.25,273.98,300.2792921,234.3199249,303.2266086,101.9747719,156.3315004,336.7422847,85.73,97.39,191.01,83.87404346,113.5078465,226.5667789,91.08725733,122.1899,178.3477986,0,245.79,327.48,348.16,338.6396682,501.0281025,507.8177474,218.5606541,355.1742368,520.9848304,207.94,237.52,236.75,247.3682791,270.0551546,303.7910341,334.4270006,251.5622031,245.612855,0,430.37,371.12,406.95,474.93159,535.5642477,592.5121539,402.0449703,462.1435528,503.2597256,299.18,290.75,285.39,378.2831027,382.1943667,321.6927169,367.338343,323.8431206,326.6370556
Zm00001d005976,127.22,120.49,235.65,198.2739811,226.774335,192.0633954,106.6935823,169.344928,322.4066585,108.8,105.31,190.3,122.6824765,148.6916761,240.4051555,119.8781252,151.1590355,226.1830175,0,212.71,265.55,318.08,274.1143455,422.9100029,394.1377161,269.8862649,346.1338333,460.4112243,267.24,265.27,294.23,280.1327989,285.1334585,338.0226916,336.1926573,316.440613,347.9157969,0,253.21,266.22,331.19,305.7295666,307.3843013,402.0055606,364.3700635,395.3467888,315.1331606,318.27,236.39,219.37,314.3309547,304.3614663,289.3264846,348.0107434,298.4743229,342.7457669
Zm00001d029107,139.65,161.75,257.64,317.1345037,242.3711569,267.2473107,86.45127843,213.8482778,325.3368492,122.02,130.19,140.29,130.8191033,117.6919974,180.5047383,74.6386527,125.6933269,172.5236754,0,420.24,283.1,406.39,380.5993808,516.9805964,506.7236097,367.8523945,396.0772675,437.9016702,283.14,324.29,335.79,266.1502713,334.9904908,428.0101787,319.4678006,292.001975,350.2372564,0,417.44,295.03,329.43,404.000369,451.6511185,437.6988823,339.8754272,478.3409601,338.7044734,311.91,330.06,240.84,267.694267,367.3024019,199.266609,330.0708506,234.0313001,304.4598138
Zm00001d020134,294.68,373.09,502.61,595.1592428,459.4830664,606.3012764,564.3966117,845.9904549,671.2094929,360.56,272.69,158.68,296.2697392,286.5863253,219.7253983,308.8068852,366.834108,229.2413002,0,245.18,332.58,335.51,407.7789559,325.8756988,365.952026,388.3843518,646.7304095,480.2010551,132.06,166.75,119.37,112.4989604,132.1025747,165.1909287,145.1422265,195.0643131,202.387362,0,274.49,500.99,453.91,396.640045,593.1995112,502.1250513,486.1309912,629.5697554,556.4717758,134.67,266.35,348.43,213.8854223,228.6537874,449.6414501,203.3964437,292.6883255,264.1794905
Zm00001d030424,181.52,430.38,535.13,730.7141488,723.3406757,503.9117392,200.9621534,784.4468177,638.1355532,130.31,245.27,187.29,143.9258992,189.4560329,376.9005214,127.8237966,139.8687471,280.2132438,0,361.9,503.85,396.88,552.0846862,710.0198734,481.8404987,315.4509543,952.5351207,620.4220917,186.36,232.51,185.15,167.2030321,281.1206085,303.1860492,171.9254407,183.9304673,278.0196335,0,628.37,783.27,538.56,612.3799916,1070.395823,724.6342871,648.8115007,1311.310917,704.6768267,345.55,406.29,275.84,288.7222712,584.5285985,264.8727393,389.4790578,339.9169177,313.9704493
Zm00001d020556,517.03,233.8,253.51,140.031811,301.0556598,418.3672027,393.9526081,78.94699683,171.5370175,141.65,75.31,294.91,123.6258986,50.2440342,147.2462932,142.6565658,50.97565325,112.6133415,0,459.63,144.38,164.79,369.596342,165.875976,278.8409274,202.872021,60.73238643,110.6392599,116.25,32.96,149.8,51.66469534,51.23920769,78.97125134,78.76739398,41.20982486,68.74614818,0,279.76,101.83,114.33,275.8813147,104.8263165,119.564143,137.0363881,89.13587107,77.75901566,85.31,29.87,62.04,58.19923575,69.8633103,94.18958871,105.74425,51.18664379,47.19016063
Zm00001d034674,247.48,395.58,352.66,169.1890091,265.5238231,512.5431378,287.9083083,285.2449136,359.1124728,137.03,97.1,539.02,141.4661516,88.04513588,307.7275239,91.74923331,51.05085423,281.737982,0,207.22,86.36,189.71,64.96421547,119.7401284,206.7988046,66.73548022,103.147969,150.3770237,28.59,23.39,154.43,18.89981377,34.92190678,148.6694083,22.91268605,21.52186919,61.26382681,0,122,55.82,84.65,58.22570032,82.37561346,163.8444453,46.12775926,88.7684569,59.31300697,35.85,22.38,61.97,28.82092194,19.78571383,47.55147254,39.14882358,15.72934995,44.68758636
Zm00001d019527,63.74,89.12,92.8,188.9929552,181.1584433,117.381737,52.80356387,83.38726463,100.2263769,13.95,28.68,22.51,22.76714285,29.52054038,38.12496509,36.4718142,26.40300563,38.58079724,0,122.68,186.72,116.67,127.0228798,282.194383,144.4952833,333.4306279,144.5176493,96.8467799,43.78,53.24,28.86,49.19948651,27.49984203,48.96381131,47.15010749,44.15443615,39.60496869,0,86.81,138.6,79.05,140.2062999,111.1306267,53.71456735,164.4285842,136.6393124,62.12185897,24.25,19.68,11.35,26.10288794,36.49240005,20.18208262,29.79074463,21.40306492,29.71912462
Zm00001d047671,50.83,13.96,10.01,46.84813968,12.16362003,14.6905018,47.75723412,14.3727907,15.84611715,72.45,24.09,16.64,62.08753029,15.82435364,22.02364022,72.73158704,53.67006722,17.14098912,0,75.87,27.26,37.11,174.1685657,52.76654519,49.16949657,251.1487514,24.2462896,34.53139082,130.13,48.73,37.38,167.8414101,67.28513075,44.76589752,163.5530099,125.9999046,38.96964289,0,73.64,26.97,32.74,133.6652724,23.96416216,61.45923619,155.8091027,32.75638172,56.71950466,244.56,77.57,71.01,192.2553231,58.38847739,106.9630331,226.8609418,67.76697594,128.6604491
Zm00001d019413,48.1,38.67,24.8,103.2874124,56.25883781,60.48164806,31.15016411,32.62232703,47.60811348,21.92,18.18,26.45,26.58488897,26.63942524,25.37177633,29.26763425,29.58155063,22.0801112,0,81.56,61.42,49.6,112.9399804,85.03943159,99.9255017,60.45625693,58.95434232,63.75602702,49.86,42.83,65.2,44.66048093,59.06793669,76.23709911,77.76186845,61.64457729,46.67553854,0,151.73,163.72,165.55,182.6886958,217.3306604,217.6867463,127.2546694,125.3159899,191.2807469,78.54,87.44,105.24,102.2891487,95.00667075,149.967805,85.7020128,112.1956489,132.6491944
Zm00001d005591,30.13,35.35,24.66,86.66189392,32.00436772,18.18915676,22.35894769,28.30923901,27.22772695,20.11,22.13,16.38,14.79756088,22.91699963,24.28658851,16.63348757,16.91160651,54.3468235,0,27.08,95,29.97,119.9243666,119.6622393,47.34688553,142.9732915,103.1372465,89.6366898,68.02,23.71,17.43,47.08629535,27.51804123,19.28054487,76.86706611,29.17032563,24.32452838,0,125.57,111.77,132.78,181.9026313,210.1394305,149.0107915,227.2030929,166.5849034,137.8953897,135.26,48.33,55.3,156.6806965,59.06309268,77.41951948,161.5646478,53.8354016,82.5678355
Zm00001d023522,33.23,30.2,56.85,80.45841166,77.75554478,41.05905607,25.29007267,56.38794622,54.00168396,22.55,40.1,39.19,36.63817291,49.64976562,62.03089318,31.06867924,51.25433925,69.11701139,0,56.55,87.98,66.68,63.54451282,185.1002123,75.24681657,66.06618134,114.840691,115.9460145,111.91,100.26,48.46,103.1601284,143.6387925,72.54748474,145.8136109,128.7443828,80.55884438,0,117.63,103.55,83.67,69.07148303,163.5848234,106.6137837,128.5400083,138.6823229,108.7063729,114.27,122.79,70.37,125.1546684,171.9330071,81.10889563,138.0216048,143.5963077,120.1021631
Zm00001d053750,42.11,49,47.61,86.99247103,79.32847956,76.63879235,35.65470557,50.58652853,80.85505995,36.55,38.13,43.15,26.01408743,26.44154299,64.81748134,17.08374881,24.06886224,34.1080478,0,118.44,107.09,109.75,124.3458574,178.5264817,143.3809797,109.541668,119.5365458,109.4265205,70.43,71.85,79.36,79.2514699,97.14507453,81.69687426,76.62167173,62.38187668,95.7079337,0,130.67,115.08,114.04,117.9016084,161.9026124,119.2228206,163.8787934,152.3918885,105.5508275,99.33,80.55,68.92,95.54172649,121.7949039,60.42717594,135.8984762,77.06253105,81.44039468
Zm00001d031194,88.63,87.63,72.55,137.3332395,202.2427872,104.4937802,110.7645493,93.98755515,117.4020363,73.05,61.05,46.01,75.22071393,64.6496099,56.37565134,64.57387427,59.81286502,88.20193302,0,155.87,89.36,91.39,140.1011162,130.2592573,104.7764435,142.7409884,88.77076113,97.10698898,104.68,62.87,56.79,121.0556916,110.5152276,67.26259036,138.0297323,66.25965911,74.02066245,0,90.72,54.5,66.57,121.9798336,105.7613497,82.35083745,88.55448377,93.94423272,91.17824795,104.61,65.06,35.82,96.49836031,81.46393652,33.40519703,102.6854706,43.25406929,40.68603231
Zm00001d002512,103.66,93.3,109.01,113.6208466,90.06470471,87.87396121,159.5548506,92.67852799,107.7861399,87.88,89.29,45.46,105.1066463,83.57536241,60.39466454,105.866363,90.37348488,77.87323097,0,80.21,92.52,93.93,72.52006075,121.2995604,117.3403778,110.82219,107.6265998,151.1322408,75.95,95.68,58.03,67.47333033,102.4515191,84.44880086,70.44285911,98.76666433,94.82062049,0,75.92,82.52,86.76,77.51554216,108.8604381,102.250405,70.40586288,122.5835906,135.2336077,82.82,86.93,55.05,69.56557627,65.07412348,90.3844089,62.55556102,62.09927874,98.36052408
Zm00001d046225,9.86,18.97,95.48,15.9561763,12.04233677,132.6215575,11.45108749,27.30758758,82.49713301,24.29,28.23,95.66,26.6498076,23.80249121,81.88202887,15.33571417,15.72020508,62.64434488,0,18.75,38.13,96.55,68.36315318,27.09121109,91.92817792,19.87865368,42.31099577,81.28193152,25.68,19.71,73.56,19.12160189,26.88509459,69.71664706,22.98650152,22.57655721,70.35402653,0,70.65,229.79,196.9,135.7208829,173.3497825,139.1642669,78.79716445,101.6029777,164.5552522,74.16,109.57,197.21,114.3841404,97.97954287,273.7074439,90.79305039,95.4855355,116.2458066
Zm00001d013343,49.94,35.8,31.78,23.85348396,20.65147173,24.3365418,59.48029501,49.48331196,24.55447371,71.82,74.02,45.3,56.35787537,44.64670579,30.86927381,55.30392428,45.60451966,53.35098513,0,22.34,37.24,26.99,28.88771424,17.68862611,16.39703008,29.00929979,29.41146612,21.88530411,37.08,54.09,45.95,36.09097993,47.33394279,29.14866333,34.85333798,35.42344923,40.81181011,0,26.08,52.91,54.13,18.04065554,41.21434009,21.72894045,17.6911563,30.40973117,34.01095414,39.29,55.59,49.36,44.38126453,47.08030671,46.93930005,38.20701002,37.89194027,54.94130483
Zm00001d007391,29.83,40.39,29.72,33.80385203,27.80895517,27.87477894,29.57746712,36.41954842,24.98441796,48.05,18.5,29.67,32.32536366,23.09310224,23.333873,26.11580553,24.7894034,25.27282037,0,31.93,33.44,31.46,24.35182175,21.27482456,22.25573497,25.52342356,22.33683542,28.50345468,20.67,18.15,26.62,18.74332128,13.68662635,22.94385556,13.49782195,24.56441635,28.49513911,0,28.89,34.18,22.54,14.80957373,15.01855101,24.57730779,20.46561454,20.44977519,23.19573484,22.04,14.97,21.32,11.62591689,18.05591679,22.85584342,11.82003808,22.64940872,27.02864523
Zm00001d008255,27.83,39.95,120.01,51.22825462,60.01763064,138.172016,47.37848598,56.6449861,85.2877997,19.19,27.18,86.11,36.07819114,33.58397046,101.6111994,29.37365493,25.18948627,69.3776241,0,20.96,32.16,58.84,48.60144311,43.78592622,96.94539974,37.40095609,49.10403345,44.7214134,29.96,19.19,72.32,16.77385286,37.00112856,76.21932474,35.38103448,27.05636332,64.70688845,0,40.2,55.16,71.11,28.88643824,69.86817319,66.66492665,49.53906326,47.47731085,44.81173119,17.99,21.95,33.99,49.24073037,36.87137325,41.1220273,26.42624439,28.55037954,31.43163708
Zm00001d005008,21.09,46.23,40.96,30.63770636,73.46310563,47.45943947,49.1142231,39.29464262,62.25004372,34.27,59.98,81.31,52.5989764,54.56010654,67.1687445,86.34577173,71.18081803,108.4642979,0,32.29,41.46,28.52,32.98443931,38.46649517,37.1411204,41.25851728,32.77982566,29.74850454,49.38,32.43,28.96,40.61685404,35.2201809,45.27419694,52.0540522,39.37591133,39.29615505,0,41.03,23.59,30.52,30.74875066,19.76128868,29.66023719,42.0743382,24.56679905,24.46031195,26.42,25.89,24.45,40.32010112,31.32424003,30.88039405,42.19527748,41.50776263,24.92750876
Zm00001d013416,13.75,40.01,35.12,47.71106191,50.56326044,58.08591633,11.50519437,37.8319276,60.08443866,13.85,27.65,27.87,20.02608118,28.99285439,45.22291202,23.28171221,40.61577458,44.12071847,0,30.99,47.47,35.35,32.7317827,53.347189,60.88690635,36.17850989,45.19931115,52.28864408,30.11,38.88,53.45,28.0693835,36.13320246,60.29569132,35.5526134,46.24972854,53.51181952,0,45.94,41.35,45.41,58.00689373,47.85120086,52.44010554,50.73734718,50.4911177,48.03948784,49.08,47.36,53.22,53.43491394,49.61210561,41.23783097,46.11116279,54.52975913,65.77582368
Zm00001d048682,20.42,41.26,51.12,41.91111568,55.49662708,51.80801931,17.52904545,51.2039603,87.56287629,40.74,45.33,56.41,37.28471285,37.70776093,71.7261625,41.66323442,58.69666458,54.91579316,0,30.26,47.64,53.58,37.52033181,64.88115089,70.75506996,47.68873758,62.21006465,77.77813069,50.81,64.74,78.9,49.34320924,72.39299426,76.35084319,55.42477487,79.90444655,83.57943992,0,32.51,31.02,42.82,40.87960928,32.42297585,43.63953619,40.36868621,41.31337857,44.92991671,49.47,45.58,62.81,68.55813846,52.16354234,49.26564984,45.92942202,65.27373388,45.05485913
Zm00001d026387,70.78,78.09,52,91.31600299,57.89054044,40.3829652,75.05501731,60.67363273,43.39431681,82.47,69.91,56.84,71.8391838,72.4628456,54.06854561,66.2692252,58.64800512,40.16152003,0,66.03,66.63,41.75,62.43764929,33.12614205,38.10065471,56.10362419,61.31701738,37.74267207,66.47,50.78,55.97,44.75167779,44.21511012,46.42231422,38.61708597,46.55761979,37.23041354,0,51.6,65.88,72.6,58.92026481,54.46400491,45.5647093,60.48829047,48.42100227,53.17658662,55.43,56.77,74.9,47.25762993,54.23144366,68.83882822,42.87680537,65.08535697,37.40621002
Zm00001d043799,71.43,45.99,41.57,40.24930935,43.05592934,25.04418923,79.01633149,55.13014835,54.4872215,56.16,38.21,30.38,52.45357108,40.16013121,44.28283253,69.07681336,47.55185094,43.25930661,0,94.59,49.18,58.83,55.66390179,53.70638877,94.72040619,90.14647075,68.38359767,76.20652566,88.14,66.69,44.54,71.86897488,55.6508299,60.48834647,80.31357575,64.67304081,65.20387931,0,64.84,40.72,88.07,83.20685185,42.89159783,99.02380932,68.57710923,67.882621,88.01877096,75.74,51.13,59.77,60.02400479,50.45656967,49.91424472,60.04200395,63.1703901,64.92597434
Zm00001d008579,22.56,37.11,38.2,58.25035809,97.2464448,67.46719251,26.10383435,53.23198437,45.62174201,12.19,19.69,22.56,20.04772072,24.69856168,27.89129099,14.38218134,14.61285182,25.27282037,0,47.96,57.15,42.32,50.2195832,61.89361872,77.78781797,31.28434498,51.96285351,36.5299327,19.97,18.34,24.45,22.317109,53.22823853,24.57396857,27.36274973,40.37000332,18.56373783,0,43.63,45.09,30.9,55.5899595,110.2100985,54.82438946,55.94662941,123.268107,43.53271183,24.76,27.35,22.14,14.28058204,63.11237765,26.60499137,47.50116553,30.82238352,20.09745661
Zm00001d043006,25.87,23.88,22.18,30.88786939,42.93464608,42.74714037,49.44030338,25.58872611,41.43971294,28.74,21.2,28.43,28.71187002,28.72341103,26.71565941,22.06312769,29.45769018,34.40816444,0,28.02,75.04,42.54,45.52130783,112.5136641,77.16588518,46.19914282,64.63710873,65.52494523,51.75,33.47,23.54,68.75153317,43.23879389,36.34376625,67.02226896,48.06497214,34.49021853,0,52.43,104.84,47.24,47.02631728,150.4313855,68.18491057,82.8198101,73.56212958,57.86589625,81.98,38.31,33.91,87.95794421,47.65035978,43.83874698,85.42940165,55.53625709,44.69612889
ENSRNA049479921,47.22,37.01,49.97,72.54472805,62.54682936,37.86474711,31.42213751,33.7255436,50.08624935,32.71,22.56,27.79,30.56967996,27.95366168,35.21428287,28.79086784,29.90200892,47.58995511,0,70.12,60.55,53.36,120.5077523,81.61191095,65.51829786,86.56767328,52.49116585,73.91201401,35.47,26.61,49.35,71.0598878,35.89822301,46.50122529,49.31977772,31.11625866,43.917645,0,73.65,48.15,49.66,107.6308071,75.37719214,65.7317872,78.24737362,71.79078179,45.80054209,57.17,34.06,35.19,49.6335084,30.31152047,36.38340995,70.01768736,34.79524301,45.48191943
Zm00001d023353,35.05,27.78,35.53,58.93607622,24.62857442,84.58872243,82.98052368,26.4101816,69.16714618,81.5,41.34,70.45,114.8955075,68.38883662,62.41155361,161.6215283,85.19894913,104.0859052,0,24.8,22.81,32.12,127.9554339,24.88194508,123.6914535,21.96785639,20.21015722,37.97229574,95.04,31.27,121.69,81.49489061,40.8248996,147.1452258,151.5664335,112.5283824,73.4314483,0,25.16,29.62,59.49,97.78240834,18.47919994,111.6846701,47.93848955,24.52135952,79.74714813,75.29,54.36,146.79,57.78114648,83.06634698,120.2454476,83.90309332,122.5940676,100.2609417
Zm00001d020501,25.01,54.49,66.02,52.59150291,71.38452873,94.25081368,31.36803063,51.30641887,102.7442223,45.42,78.64,77.95,47.09046522,76.36635235,88.18500463,57.10496926,80.32521733,83.11246969,0,41.01,53.32,47.4,49.42555878,59.04384228,79.32609774,44.83731475,78.20441122,73.74873643,62.04,97.76,89.96,71.43853011,106.7998466,88.51519621,84.5052853,94.57607955,115.5069261,0,64.12,36.57,40.22,43.65529278,54.07838763,57.98711835,51.64590033,75.93296163,62.4869262,65.33,69.21,50.57,60.67654069,83.59393786,47.50524541,77.7462621,80.77582798,84.33159296
Zm00001d011367,69.4,55.22,90.24,57.47194392,73.13751461,96.08117543,53.67215194,64.37018241,121.2318251,53.2,60.98,77.37,49.22826604,63.46729496,100.0864288,62.79966108,65.42287233,104.1177347,0,82.75,71.38,100.19,72.04483876,110.5979321,115.9899717,84.50170088,76.23863843,120.5996588,63.02,75.01,94.8,76.22522504,90.95250466,103.8871679,94.4478459,87.77694202,108.4363562,0,70.55,49.99,73.57,62.7289025,73.73849613,100.6665543,78.66768678,70.54929722,89.45143944,69.67,72.95,53.29,70.28776346,67.6892535,50.2154286,97.60675852,65.35806398,76.74700264
Zm00001d004292,61.5,37.35,33.71,45.60551249,31.38769689,18.69515347,59.53368239,83.33603535,31.33205209,66.89,68.44,35.34,65.53872734,58.15061065,41.54040181,63.51464739,51.20125621,48.64888658,0,43.99,51.1,45.34,40.04093468,58.00808713,45.52427449,61.78323953,124.2055773,57.43212112,59.09,155.17,89.28,83.72554155,113.5620685,95.81551389,92.90166413,95.38347235,153.0391693,0,40.67,71.19,55.99,72.14226255,91.89965051,57.09088493,81.18846098,131.6018041,93.0193104,51.99,139.49,87.09,55.7030835,135.0600405,78.34268058,87.32535426,83.83966408,126.2347474
Zm00001d000618,23.79,21.42,22.1,47.61427188,28.92101357,35.5599452,13.62111865,47.68760656,60.52232481,23.57,16.29,21.74,16.75749706,25.30340916,44.0704236,22.2221587,21.68605939,29.36644533,0,80.22,45.92,94.5,95.04310367,61.21416373,90.08901467,120.1270634,107.7687323,99.17360204,58.48,92.37,82.17,84.33838004,99.14280245,122.7468537,82.48127449,80.44128793,89.66674263,0,69.56,47.9,110.48,132.3294988,57.39929465,85.63135479,121.3661187,91.96694532,111.2683432,109.37,78.7,64.49,89.43409377,75.24059474,77.73704458,144.3932865,73.0962438,83.37924854
Zm00001d027607,22.44,41.54,32.21,44.3997312,39.21036446,44.03192323,23.17270938,15.27109012,36.92926925,31.84,41.44,86.53,53.28272395,51.14010467,103.34625,43.12003884,60.19525354,97.12384273,0,35.01,48.5,37.98,37.89931674,67.50948329,63.7921444,31.93041354,33.90886979,71.94578263,67.94,75.8,80.82,100.877675,78.52226946,100.8110677,104.6098814,75.66276312,97.73827815,0,73.03,77.9,84.55,79.02425424,105.2504955,100.2294317,74.7745188,48.19088116,75.87069489,78.53,108.05,86.72,109.3661616,129.6843494,100.2552817,125.0595241,85.29410149,124.9578377
Zm00001d013553,13.77,23.08,34.16,25.56368531,38.61795028,60.73464641,19.26550208,23.71528334,71.30269869,16.11,31.75,41.31,21.35636867,25.33638953,55.73842455,18.6465739,34.23656665,63.55350098,0,30.81,24.57,50.25,27.91314233,43.02858213,65.21237293,53.3218923,41.7183144,90.09593715,23.73,57.89,76.49,37.44760987,65.04372629,87.77869291,35.24636329,48.81635518,78.92255292,0,62.77,66.35,57.38,48.71054229,59.67903503,93.19436836,55.14953057,66.24759179,69.13941537,49.14,89.23,90.57,59.73893567,102.345701,84.73897167,99.89930238,62.59266937,119.2138775
Zm00001d046118,140.91,36.73,15.44,28.05230082,43.15295594,8.27032732,228.750496,57.46465471,26.8374922,199.86,105.68,34.34,192.0247051,103.6392487,17.63447372,187.3394297,215.8008929,47.46376891,0,60.09,23.35,8.24,35.88402711,32.29090887,19.59164086,64.44881988,23.57851676,17.10241783,52.33,34.31,16.69,86.64673467,42.39776407,16.60752934,55.02076131,81.49565113,15.51472918,0,24.01,14.3,25.44,21.11400954,24.00272389,23.24395176,29.62323955,26.63788897,18.88986627,65.66,38.51,18.71,86.69074852,57.46068222,21.09543898,91.94971442,63.1380834,47.88199863
Zm00001d046690,97.51,46.37,25.76,29.3671541,64.84371612,21.86967135,138.715932,50.07334221,26.38372225,191.22,81.66,25.54,195.2608299,93.76380689,24.18563761,143.3983839,137.7439687,83.73685802,0,21.03,14.14,11.96,43.69252901,29.34232125,24.49081144,54.76502644,24.17119813,20.9685345,75.24,29.6,16.04,57.76898751,54.2583473,24.95074954,60.15714066,57.36064291,39.66179492,0,58.08,31.93,37.45,49.2651641,16.12233611,41.5327078,61.69932644,25.32678338,31.74705546,86.27,44.41,42.9,110.9816138,52.5032399,55.56621844,155.5048497,58.35367511,72.41234085
Zm00001d003895,150.16,61.72,51.1,60.6339956,79.88263498,34.18423252,276.4009554,92.65291334,59.13096242,290.5,160.67,44.92,291.8020281,133.7478355,33.88090693,180.7183635,226.3446022,62.96094214,0,52.34,41.64,31.67,44.54673592,48.50669098,31.35727942,96.70445775,63.65019713,36.33434462,105.77,97.34,45.75,65.59505876,85.4197777,53.75746491,59.67931164,111.2074044,57.45885596,0,48.47,31.76,30.25,41.29428839,34.13879532,23.99046332,51.99191061,60.24513407,25.85751682,65.23,88.04,46.09,60.94904493,69.58730604,38.18350502,93.30660747,73.41440198,60.6980789
Zm00001d018541,149.74,57.88,66.13,43.56473404,48.48468355,52.28245947,255.1248647,51.049379,70.02080783,205.24,86.24,66.11,179.0633146,72.17722297,43.75706377,137.7301973,164.993336,53.81735777,0,59.12,38.15,39.73,21.10930359,31.83289793,39.976536,78.10632605,35.46163948,42.78749252,57.42,45.62,26.55,52.73424153,29.70565314,28.15836818,47.13714774,36.67859526,41.22356163,0,22.58,10.86,18.62,16.98991624,16.67175202,17.07816106,27.8496607,31.92872534,21.32578789,22.86,26.72,16.68,23.27086259,11.7280128,20.06627895,11.14467293,17.20294959,23.18510253
Zm00001d041962,191.62,113.48,79.29,44.7827973,92.31307817,66.53810328,343.0976113,105.3297769,51.8996141,249.84,145.58,59.32,186.349149,99.48745643,46.10832693,192.0272517,162.2856512,62.65258519,0,54.48,35.77,39.21,37.11125563,30.71635408,29.72254208,60.22395384,39.42268039,31.77935692,47.79,39.61,20.63,28.57789366,20.98210177,21.84834565,31.55643077,29.38486728,22.12743587,0,29.5,25.57,17.35,19.19061834,23.32311779,24.76393568,25.18028074,34.89611817,19.283818,18.36,19.65,13.39,20.46414848,13.66852754,17.81277394,31.0567673,13.18463894,14.51577894
Zm00001d012641,114.64,242.16,81.32,43.371154,83.20855564,103.2919015,95.40625448,143.8524065,102.5553318,108.56,126.97,165.6,133.8076966,131.2245259,116.9700888,138.7357606,105.6670656,181.8494306,0,88.14,48.89,54.54,36.5457599,43.40580437,52.8679889,77.95532904,41.54935858,58.38292631,53.21,62.61,65.96,59.03442059,46.2943319,61.8291189,57.91365496,65.20955736,73.10493613,0,32.07,12.32,13.71,30.62916757,16.49344838,13.1419598,26.04530644,38.80720242,12.68516625,29.16,25.87,26.13,25.03854521,12.67703907,15.25154857,36.31722016,18.68312147,18.42338044
Zm00001d005143,76.84,45.34,52.3,52.39382888,46.63467106,46.40786387,112.3927921,47.76355705,48.44417629,97.08,76.49,49.28,74.27861504,54.26328317,50.16099044,86.71684409,92.20580289,58.14800626,0,64.07,55.44,94.37,35.37275055,51.59303432,83.76961556,134.6701763,60.66801741,61.10264971,80.85,74.81,71.8,75.96440423,54.43953421,81.5916595,91.55298076,57.85981963,74.25495133,0,7.57,10.18,29.68,13.48152352,9.842082611,18.68897262,44.11962445,43.45408951,24.51414937,14.63,14.41,21.71,12.62060833,15.35586238,19.56991013,20.36028355,13.45077372,25.7773581
ENSRNA049452030,94.97,58.64,41.36,47.60608391,54.72416179,53.82826631,247.7497807,74.89184212,51.0158999,123.5,112.63,37.85,130.2820843,44.76182618,20.78070804,78.63897345,56.19442487,45.65369702,0,83.55,24.88,49.59,37.64666012,37.68822901,33.39439928,120.5175986,71.70368902,54.71412281,61.75,59.75,33.56,60.6252467,37.14591708,35.00299382,31.83873288,35.78735024,38.86670501,0,45.77,17.57,31.16,27.14113445,27.83448509,23.55334071,47.96926496,46.3054473,18.07307831,45.08,40.23,19.81,21.62991769,33.13736818,11.46597822,43.27955936,16.97569375,25.84568815
Zm00001d001928,62.18,61.92,65.03,29.51233913,25.34227185,81.31150928,77.9868618,49.2783948,37.24180006,120.12,103.93,167.08,91.49396763,95.01146075,92.662486,79.45932719,82.32563167,64.98388251,0,15.89,15.33,41.01,14.26941028,6.732408418,19.35049692,15.63055733,16.34298066,15.88967846,42.21,42.83,71.28,52.68207736,29.53396834,41.82131577,17.22466221,29.32427125,48.31183001,0,26.91,18.37,30.56,15.95953653,13.10992291,18.34765026,7.458349031,13.61771212,10.60380119,38.83,70.03,79.84,35.24521745,28.03290145,90.10283449,34.0246763,39.52105566,75.36332666
Zm00001d026442,94.62,65.83,41.41,61.95294287,57.44366617,36.01459427,98.77023448,66.6022302,37.24974196,103.21,67.39,65.45,77.52555962,42.50235962,41.20389881,109.230233,62.84100805,50.87758687,0,69.18,36.08,49.15,43.09097871,33.30574194,29.12220295,96.47215466,50.85525427,31.87801351,66.08,40.45,36.75,65.89491227,42.49745713,26.23038527,49.6998433,51.79339522,35.84610948,0,28.68,27.72,26.69,24.16700394,18.51776167,19.7129397,40.20205709,31.1697155,32.54940117,47.12,31.39,44.7,33.21149453,33.91813895,38.68641033,29.79690738,40.70278606,24.9232375
Zm00001d050304,71.87,67.87,61.29,53.22473205,53.8891811,60.4222748,77.1716611,76.32894251,31.87940977,115.32,100.77,69.83,101.1651344,87.63817065,52.92656433,77.15501062,88.95894408,66.69079149,0,39.39,42.3,41.45,18.93163109,24.62155649,18.05336109,33.396778,33.6648225,20.1486964,43.29,54.91,54.82,59.45173389,48.10217583,38.15800509,44.01181945,51.26146494,47.26475269,0,36.32,37.32,42.96,25.09816015,41.50832891,27.64920905,28.44297899,26.4764144,37.35689631,53.78,52.87,74.46,52.5098738,40.96312042,46.13194262,29.12770498,50.7518488,54.91141107
Zm00001d017208,54.14,66.69,37.83,50.5384425,50.80582696,38.53281236,101.8110122,103.5358584,45.00462228,119.8,99.07,47.85,79.93860304,88.2759985,32.11220599,65.13015619,80.512968,36.51835296,0,43.66,35.15,27.34,30.46383645,16.77260422,10.82769792,32.61132757,53.39493557,22.11492778,34.05,44.77,24.21,23.7259031,45.12813168,24.95074954,27.8535385,37.9805785,27.44806179,0,14.53,34.78,28.94,20.59753245,22.46520806,12.86450427,17.86416144,31.58354369,20.46960476,31.23,32.42,44.55,27.68046398,37.54598853,28.93787765,30.56314292,43.91612013,27.02864523
Zm00001d012763,85.6,76.99,43.52,43.80261511,45.28004614,45.68042535,135.4580073,76.32983594,33.49765714,183.72,130.22,88.99,165.3316184,117.1755121,47.26081535,120.4870908,137.2180654,77.36735441,0,44.31,41.85,22.52,47.16357585,22.19084644,12.17306254,41.85812523,37.90745644,12.7447433,64.87,50.79,45.14,65.82997834,57.90173647,33.88118023,46.73313418,46.1422953,43.44906725,0,31.4,30.39,29.72,26.64501695,27.83448509,21.88363493,21.71380195,27.48875235,19.45584094,55.95,52.21,44.43,43.88706003,40.47799173,34.93399413,38.24628247,47.48649132,35.01040209
Zm00001d048137,93.18,73.81,64.55,62.24331294,64.99951058,52.06101766,133.993524,54.12939035,59.95908333,135.06,93.87,81.93,114.718966,108.9447323,49.08630975,130.7639106,98.98951728,79.46162819,0,75.12,42.74,42.93,34.74707232,30.00085416,29.91545723,45.29754084,40.58927026,38.23422991,62.4,58.34,92.15,69.01235398,51.60077647,59.63809909,56.28266947,47.27166299,40.91474799,0,32.58,25.05,30.5,27.02155135,15.92952747,32.79103267,39.57796339,32.43440707,26.29086373,35.61,55.89,77.8,46.14894715,20.96668889,69.87779299,43.41586494,34.26954568,62.38923504
Zm00001d038401,10.53,20.97,21.43,16.98065951,28.425626,27.14734042,14.32738609,21.50795676,36.09320644,55.68,113.25,88.86,37.69928929,81.66685739,86.10507276,25.66554428,138.1642095,183.6111923,0,9.85,54.52,31.59,38.36857541,92.44839539,59.47171928,46.22237312,80.12458786,70.30610642,79.9,174.81,81.07,78.16879224,200.5096152,214.766107,67.34147881,222.0043954,242.3579706,0,20.09,51.72,26.3,22.46241934,76.14842669,45.27730855,82.99281524,73.86284619,50.23510685,105.38,181.78,68.47,94.83210417,161.2585827,86.8832095,65.7052108,179.4232286,206.2829286
Zm00001d036431,54,37.56,67.46,27.75783676,63.20826594,19.22094127,125.9085751,92.96296938,178.9289189,158.55,100.14,83.8,163.8403575,79.36881009,33.25418727,107.4030095,122.6715674,57.30250914,0,44.67,12.15,20.37,23.15468447,22.09203527,20.69586153,53.17089529,21.39551996,19.00230312,174.68,161.64,36.17,113.2029957,151.4303181,54.90558219,124.4211872,164.3122802,73.03041137,0,33.38,9.32,14.93,19.74524014,7.58639896,16.20888845,20.46561454,15.84930212,21.6947867,142.87,82.49,30.05,89.39603616,108.1476074,27.78637746,125.8835203,102.1986096,57.01254754
Zm00001d043443,107.81,51.52,45.16,11.41450037,64.21304319,24.77139979,161.0214924,34.59733494,47.55423524,280.89,181.23,190.74,210.6183725,110.3684888,92.6309646,150.0469352,201.5443917,173.9458167,0,24.4,46.72,19.19,10.52157889,44.08235974,20.31003123,38.24448229,29.5428762,13.89113658,141.62,160.11,113.07,74.76462848,127.546969,56.21152161,78.09206654,167.7518068,99.43139585,0,22.58,64.87,24.2,16.17834312,66.3449058,41.5596686,26.81162987,31.65121574,34.44430104,49.72,172.45,100.16,63.76204147,139.6990164,53.08764258,71.87436753,152.0923495,89.05915003
Zm00001d029194,183.7,148.24,265.73,126.5880813,113.1688577,184.4611334,88.29522931,99.37735166,232.8415269,93.06,93.82,281.41,104.3315923,80.02841757,265.2953205,88.46553198,83.18330404,269.3468357,0,200.26,80.35,114.64,81.146715,68.14709411,111.5464539,143.4683631,79.41121887,116.0123606,91.11,91.16,126.99,101.372692,55.52424057,131.4583256,77.640157,79.54513182,106.033388,0,144.46,33.03,66.32,62.66782371,36.47160242,65.01720906,85.78002553,51.57307667,44.96931188,75.63,37.27,60.39,66.06180471,27.40074837,34.282131,90.91086772,41.69613954,47.84356233
Zm00001d030584,175.73,103.01,72.12,91.31600299,102.6509424,73.26262376,310.3711527,128.1988836,99.48390188,280.3,181.78,91.32,262.3293489,153.6405977,81.54552587,247.2248287,214.8154401,177.2971074,0,110.16,90.64,70.14,86.0374645,56.17604336,66.3165936,117.9333243,120.949855,107.5266352,158.5,123.86,89.76,177.2462611,131.9126907,71.63610066,149.8117651,152.1791066,114.516675,0,98.48,84.03,88.61,82.96768566,111.1161217,104.6985558,80.88597816,117.7984359,100.1484732,131.48,101.09,88.53,123.3805219,120.6760288,94.78541998,145.6138739,141.6156185,117.146906
Zm00001d052206,220.54,128.99,139.63,34.6872442,59.70604173,68.00474578,284.9779028,110.0518058,78.12621341,111.85,196.52,132.14,131.997914,133.8691781,114.8123492,176.665359,141.4331863,336.2374103,0,66.97,64.96,22.56,30.52401894,70.97594848,40.65173904,65.89195402,76.26813375,199.1041463,63,172.33,66.33,73.59075396,77.57365454,76.72762416,96.1636351,76.06859024,205.4754984,0,85.74,64.98,25.42,39.80851038,79.33914353,35.30305026,54.41398255,72.09247288,58.85077557,30.48,271.7,126.39,68.03234028,37.77793733,103.0448462,67.14681149,54.90049519,253.6652656
Zm00001d010052,110,73.53,123.89,122.1111763,125.1766832,132.8151826,129.5445285,130.7904298,153.785663,90.42,60.33,72.48,67.99979814,64.93025401,100.122208,61.76661274,72.24393542,98.736395,0,87.1,63.96,99.41,94.54375375,104.027101,139.5097381,82.90756973,111.3704167,144.6450573,82.22,79.6,60.73,60.99075755,66.04693879,117.032571,92.5345583,71.28547915,96.26175079,0,124.6,269.37,299.69,224.6316806,450.3927317,495.8406951,126.7484061,280.5389527,381.3271647,73.09,186.26,280.63,117.5137997,177.3739848,439.8635032,157.8697757,116.7911258,320.0816823
Zm00001d031377,64.14,109.4,83.92,211.4675478,128.9252215,81.48160344,50.9040671,99.96916878,101.2433884,38.69,45.1,40.04,43.08403469,56.93531533,61.00036993,57.42270467,48.43164125,58.3219367,0,110.95,258.17,183.67,267.8760025,286.8733036,267.5611904,96.50700012,170.324759,247.3207351,132.66,94.92,61.28,88.10805465,74.97857334,107.6293896,171.7079373,109.4763379,67.67065775,0,350.37,533.11,513.79,334.0714448,696.334065,717.707067,367.5531875,452.411769,708.9340734,226.64,265.92,275.48,232.6834961,302.443776,448.9340268,246.6244051,250.63024,360.0288978
Zm00001d019306,42.9,84.07,201.89,105.3404728,126.6871026,217.6729546,37.50009547,105.6398329,224.0951759,35.85,79.74,123.04,51.99571555,75.12927739,161.0657844,48.39064795,68.19248729,268.1853072,0,97.78,204.82,185.82,220.2071134,201.4926947,287.1312376,118.6026232,223.164559,254.7927593,116.21,160.44,162.82,118.9034678,174.619036,209.7279066,172.7095199,134.4282362,267.5167166,0,206.21,450.07,362.34,376.4674895,567.0426387,507.7430013,265.7250021,520.6153902,391.0958041,265.32,388.56,353.85,293.3347256,414.928344,386.8020066,322.4600932,310.0539175,401.5818645
Zm00001d038004,169.78,93.78,112.92,172.9440829,158.3658793,121.6511525,209.7555283,175.398025,152.2434045,164.61,121.89,67.86,185.223114,98.0960585,91.43218985,161.0907717,116.7809141,154.4027627,0,228.98,161.69,222.33,233.9050647,248.7479857,280.1999886,259.9585532,287.4342607,267.3419145,242.59,171.33,134.04,221.2676406,178.8589734,175.2865353,268.3843377,182.9783015,229.8177253,0,352.04,419.06,369.2,359.691231,552.4914269,536.7645702,329.6001972,429.4335851,428.1847973,237.06,314.75,247.39,273.5672716,310.454235,302.3380729,248.8776765,235.6083921,352.6065901
Zm00001d026528,54.37,47.41,132.25,270.0614978,115.1606625,419.8675038,58.82741495,70.3235011,73.01453379,164.9,80.29,79.95,208.6536881,86.02151047,88.3763993,189.0845248,132.6647919,92.92762075,0,84.27,44.8,170.59,422.6669824,223.2998949,659.1838704,74.69014074,72.85150602,74.73185212,328.51,117.2,119.05,257.031419,108.0111423,113.9920195,342.2339865,271.6330545,104.677497,0,82.61,62.26,67.33,340.9251172,236.9083374,471.8837194,93.08339278,84.03069075,88.96818669,363.52,114.38,72.52,119.1989032,105.3626286,69.83156586,380.138742,245.3699399,84.39138049
Zm00001d018126,154.19,253.18,198.31,225.6003568,245.9779028,324.7764287,137.5746511,152.4803694,214.0793877,118.44,134.6,138.33,133.3667323,137.0850755,144.5837991,143.1863425,163.1280928,149.9217729,0,253.82,372.33,181.3,384.551613,442.071473,507.8853841,189.22613,183.3449763,210.6275248,136.71,140.77,130.21,136.8249322,152.1447586,145.4191431,214.221471,150.5554733,134.6775766,0,223.63,195.81,199.62,352.972116,340.5781569,255.8651247,199.8300249,259.8822634,190.087097,167.05,159.41,132.49,172.3424656,172.7366022,141.5626892,250.0281778,159.1887496,140.2935723
Zm00001d028419,35.17,57.5,60.35,175.2193813,58.70126448,105.8694929,19.91694313,50.89658457,117.6050956,35.53,49.45,67.01,35.84147935,43.2938886,121.4076705,44.44431741,35.53413417,76.83788867,0,190.01,151.42,166.46,450.5926007,224.0456405,249.1068746,113.685228,148.0066965,263.1815532,145.41,117.23,242.27,120.9251004,158.870582,287.6647848,160.8077472,143.1454643,156.7127892,0,265.01,162.58,300.01,411.411474,175.051097,355.4977667,186.5382999,228.1856081,262.6551764,284.2,208.86,287.71,186.7181916,232.7879968,249.786018,354.7374479,192.0487546,188.0004745
Zm00001d016755,119.3,112.99,107.41,144.9483651,204.1273109,119.7100698,129.54237,117.8592067,169.7395366,88.42,56.24,100.41,101.412666,88.79248375,108.1392201,97.6294613,81.90785445,128.6635697,0,171.37,126.43,158.17,203.8321398,220.5582533,234.371217,267.2322997,191.6746828,221.5081435,133.52,106.22,119.35,124.5641837,162.3240872,133.5000526,143.559137,123.5924596,94.32362963,0,192.61,150.36,189.11,236.2586151,138.4156959,192.9866774,312.1053407,194.8568471,157.3052564,133.01,96.49,77.41,136.5396747,157.4444331,90.20883342,185.7892187,132.0210674,100.6239432
Zm00001d002191,196.65,131.55,84.32,134.5222349,156.1212534,137.2274215,91.71691371,66.75591807,90.47889831,64.76,41.39,96.14,56.1908305,63.20905233,112.4253068,80.22732384,40.49191413,96.22292694,0,294.06,168.39,100.15,337.9353682,191.9465548,175.2752451,181.7244605,81.38504208,148.4431028,102.35,80.51,118.67,72.33845235,83.51224072,96.86694573,89.35936253,75.32670457,88.38537644,0,277.94,165.04,167.57,401.4509794,262.0056495,218.7376742,267.7639124,179.2125101,189.1376813,170.2,141.76,108.44,131.9654595,140.8847713,128.3395748,198.3177316,97.14806653,125.2567805
Zm00001d027882,17.22,26.78,65.54,55.61246355,45.4013294,79.03826392,25.23452678,121.5539695,201.8157788,48.8,67.22,58.75,62.24850368,59.31612449,81.51400447,46.98685387,65.03606023,67.10174546,0,64.19,84.76,192.13,124.6646598,171.5906517,223.3542176,185.7097884,391.9499428,566.5226318,134.53,256.32,272.06,156.4948004,211.8274427,345.7431526,141.3266395,207.650151,312.4353273,0,65.39,79.91,182.9,137.1074374,105.4723141,215.6587025,265.5020935,355.6317702,347.3267212,249.45,278.51,187.81,198.350391,251.4107801,203.0190252,244.0384659,190.8221275,248.6942821
Zm00001d021300,200.9,98.83,93.02,97.62036926,137.4233278,127.5257481,400.0839534,143.9840534,182.6696317,325.82,290.54,112.74,340.4845572,173.0112744,131.1239541,361.6203034,253.2538568,230.4977513,0,165.15,81.03,114.91,102.598949,139.5240865,182.0272755,228.1442913,214.0034678,262.1678521,241.07,288.07,140.13,233.0071092,290.1780274,205.9337932,307.7246471,294.9930987,322.4412533,0,205.65,130.15,168.07,166.4314888,141.4281091,200.0905802,221.2158399,229.1119394,254.3441584,257.7,253.17,158.05,272.4713351,279.3438992,193.1416159,509.6146636,237.1214251,349.6086306
Zm00001d036020,264.08,208.75,175.84,220.4492828,233.0138133,146.8691757,336.6914145,247.2107492,211.0459523,291,263.43,194.34,338.3900355,253.0123119,169.673737,317.9714677,327.7636218,219.9397001,0,187.77,184.98,187.95,225.5852862,173.5063838,168.3540791,199.9392921,188.3626419,190.1557234,224.14,215.66,181.1,233.698013,202.4614426,210.2020888,247.5455299,273.2281957,179.1951503,0,196.91,221.38,253.36,217.3045885,225.3603419,258.7873041,212.318275,224.9223711,281.2443236,236.78,210.43,263.34,266.9148119,244.2840608,274.6077273,291.2878045,242.5087341,239.3416631
Zm00001d039412,157.2,261.82,167.46,717.2059512,170.5154972,200.65412,186.7451396,132.1515797,150.0795145,162.17,137.99,94.04,198.0918748,140.0981121,120.6021922,148.0063638,136.7693231,154.5371892,0,159.29,223.97,101.12,320.5202262,146.7743725,175.9821247,90.28585261,69.26592248,134.3240676,397.98,73.12,69.74,944.189559,90.95250466,72.92426571,840.5219286,102.2104523,89.07752848,0,119.48,144.17,144.98,167.8943328,163.0063974,197.8191121,123.7818146,84.23468139,128.1910984,620.67,113.25,77.61,1082.876345,119.7482336,110.7682129,353.3481703,82.77512495,107.4825305
Zm00001d005441,581.77,298.28,197.14,287.3548928,179.1386343,184.5953852,783.2874244,312.1215194,151.5945172,631.56,324.82,204.22,428.2270206,235.0112536,124.6737411,343.9282422,306.2299244,123.7798663,0,160.29,139.69,102.73,138.6754502,68.86259404,56.32533729,116.9155708,147.7733716,70.70245786,102.29,118.23,104.77,127.355509,97.98529931,84.08054921,55.25319595,86.75009647,85.8794703,0,77.94,154.79,101.18,108.5797484,122.3174165,65.77863845,64.20845331,118.6966878,83.92038893,107.25,86.78,150.13,114.8083306,94.01358901,97.12811099,55.23590302,112.7602252,69.59374388
Zm00001d044452,352.27,171.46,91.44,91.61046704,158.1373149,106.1107258,518.121129,193.9010275,85.38138744,470.82,283.81,146.24,392.6270013,235.6764615,94.28607861,373.6719897,290.492025,175.4870355,0,164.68,72.2,48.67,80.39470846,54.820033,50.97051395,225.3117186,90.52198195,59.3983525,182.53,123.78,82.14,139.6680599,130.8366814,63.26657676,113.8790861,155.6274809,80.70789391,0,77.01,37.59,42.84,56.91800971,42.11081155,42.77026358,79.22385363,65.14534927,51.07026863,102.79,71.49,67.98,100.629175,88.4452247,52.59127376,99.81459474,77.12112668,67.88123142
Zm00001d047420,466.93,164.93,72.74,136.7000104,164.0026888,46.75179204,570.7674088,150.3710342,72.45923421,344.68,306.61,59.69,411.2998323,217.0263745,43.84537864,386.5980198,255.7890217,141.9402829,0,109.98,37.82,35.27,85.68857082,73.54731386,52.32092002,295.6608418,79.08135765,73.0615905,179.71,81.49,35.92,178.0414933,101.9269626,50.48870957,187.9141143,115.411748,61.22842976,0,95.8,52.82,55.01,113.4772701,78.11967325,90.28213419,69.96752637,74.89839115,105.9447793,123.58,71.82,58.29,131.2113156,128.2077322,65.57297611,196.622008,100.2573538,95.04653676
Zm00001d011436,596.18,467.46,294.75,358.5043535,302.6593582,297.6365679,556.5324073,348.6152315,217.9012346,315.88,270.39,199.9,362.3251693,217.4712987,171.6906261,321.9701553,249.3370763,160.9538712,0,331.48,335.53,243.16,228.6532202,177.3861162,181.13395,313.8175976,243.610713,143.0088312,182.6,148.7,136.77,208.7066769,137.2104382,135.4372805,140.1994025,159.5052633,130.6099037,0,235.99,255.23,194.15,205.904184,195.029251,121.4134063,140.1016818,186.991188,150.466302,157.62,163.41,177.87,171.8292322,140.5663048,164.7920896,107.2828838,132.9235185,126.3372425
Zm00001d033529,688.57,363.83,182.61,298.9752551,351.3240929,162.7733216,750.8748144,372.5318583,182.5346194,613.89,399.61,133.12,646.9867682,342.9659528,102.9992399,548.5353238,560.3832259,163.2780599,0,437.1,216.08,186.46,188.9191613,177.2123155,176.9035132,412.5459473,228.3806757,164.2733355,316.56,271.98,186.13,271.7059355,254.3873895,177.2671256,201.4488439,358.083133,189.634257,0,235.55,158.31,137.6,191.0131719,136.5406763,106.6187563,144.328108,184.5101679,189.3346571,174.3,166.92,156.39,136.6664125,165.247361,129.3453854,139.4116075,212.1348445,174.1039373
Zm00001d040148,121.05,789.48,146.74,22.29665562,57.24961296,145.4180385,105.7716069,294.7824957,226.0349777,186.28,428.59,243.86,236.9639033,448.6761173,185.3670005,145.1971425,343.2975327,406.7228419,0,56.58,180.61,25.68,12.81961638,44.34274833,41.26863036,20.51310709,23.48465242,86.65848241,50.22,191.1,131.94,109.2129798,64.94403324,105.0971376,49.13523906,94.27703602,66.07349399,0,51.7,74.95,44.68,8.207467417,24.89919535,60.00311911,15.18840546,33.79192668,26.6992577,78.76,309.44,503.51,134.7597903,38.36762822,265.8976876,61.13861134,79.54318311,376.5305145
Zm00001d038460,255.01,345.76,406.28,276.6785995,188.9083409,257.4589933,350.2043194,449.4314704,179.7916041,458.82,439.73,378.05,349.7844267,436.1952297,313.5045936,291.3245789,337.3857686,266.9766003,0,198.39,242.77,228.2,198.6887337,127.2688255,155.4906891,182.4518351,259.2966433,123.1884151,183.6,270.61,398.81,206.3592895,212.5774766,283.8799164,113.8900743,217.3935751,239.0746731,0,129.12,249.18,221.26,146.2282759,171.4025927,121.0990447,169.9159499,197.5293702,119.9234071,204.45,219.61,663.42,251.6964433,256.5789401,405.7494678,188.1002508,266.3842155,280.0148816
Zm00001d052213,433.37,298.07,297.62,121.2679912,192.6083659,177.7248474,334.9001315,186.4876741,137.9140051,397.42,545.64,588.56,534.7837506,507.6499975,583.7570152,487.006931,522.8501882,629.450274,0,221.45,175.49,252.75,81.9949586,91.75091793,161.4991218,182.9933673,87.62294412,108.7716851,665.85,811.33,658.59,634.1157258,777.5925467,566.1119454,554.664722,682.038226,581.3256333,0,203.94,221.56,237.24,54.2619093,109.4293123,193.7012556,98.92952077,111.9545293,127.3099623,541.75,954.3,710.46,568.352654,952.4456274,666.8525063,480.2012969,734.912254,669.4596951
Zm00001d052063,118.49,99.55,66.26,38.06334587,77.77605389,53.24310525,68.81473872,137.1872384,87.59464388,457.61,712.87,213.86,259.0729078,251.9146244,210.7409058,350.0473434,447.1313274,407.1002687,0,156.12,207.77,88.81,38.81966947,110.1276979,72.24512094,99.25388655,195.2736952,135.1762162,579.86,1204.99,337.75,330.1118542,374.3104925,442.0086921,461.2322592,500.4549325,732.7997826,0,198.75,292.23,156.13,58.18240666,201.4584434,144.1833294,130.635198,486.8630561,211.3905795,378.45,951.39,565.47,272.2803211,480.3989668,538.4914688,234.9799451,568.7651211,791.9149738
Zm00001d028750,241,224.26,803.14,48.14661701,325.1505879,378.6282259,71.57994554,194.3877057,258.4952278,60.97,361.28,1219.92,92.47327412,162.867011,1357.53315,45.74209081,181.3264597,1290.672771,0,241.75,102.44,193.14,47.56668871,98.66582585,178.3251695,108.0056127,99.91101953,86.91869149,89.34,410.41,257.72,53.71259086,95.6442018,281.6704065,56.25872148,225.4527697,298.2904569,0,65.86,189.63,200.86,70.65648454,212.9010151,462.9289991,86.20671471,153.9582712,295.4829914,39.06,198.11,315.66,53.80238073,84.14116656,324.687271,14.11258193,78.71136313,242.3908727
Zm00001d008539,188.7,268.11,785.76,36.68781561,144.712349,1005.317572,218.2213839,126.5541857,536.3226964,158.97,127.76,945.66,158.5841262,97.0736669,665.0942526,95.74857418,129.8042416,583.185274,0,129.84,132.66,369.9,33.20104137,83.38698771,444.8354095,81.74319929,75.13641758,331.5860492,59.35,115.73,394.37,78.45623769,67.10474887,383.2350361,64.791743,52.60078801,346.8896714,0,132.47,76.88,127.38,36.95653744,53.86152227,146.1723694,57.71383223,96.63314147,59.73191162,51.09,254.4,142.68,128.8928866,41.76512228,186.6650001,70.01768736,28.73875645,412.1857606
Zm00001d032669,401.16,428.9,346,545.231664,538.8292956,302.0129645,309.990246,371.7926073,442.2930575,265.32,210.76,146.4,214.8229841,210.439013,195.9330572,250.2974686,184.0493752,204.3871082,0,532.3,980.55,429.33,761.0539941,1524.402226,634.6987702,382.298206,559.6626354,557.8107329,312.53,217.49,197.6,249.7404825,268.2647049,186.1449489,307.5401084,254.4878196,189.9109269,0,1246.75,1366.62,793.56,1038.12762,2972.760718,1098.069542,677.4593649,984.6907909,975.7756489,388.64,577.23,704.36,366.6254107,512.0501581,794.0279796,511.6138121,451.6843439,693.7039084
Zm00001d011629,129.48,251.42,421.62,517.2564161,364.9981323,427.1980683,78.04024917,235.9736663,513.1181606,52.08,83.9,288.99,58.92582069,109.3784557,370.6710956,70.21555574,90.77160775,179.4857379,0,275.8,703.14,451.69,546.1171644,1033.131759,807.9405092,195.184509,578.0411362,828.7141689,187.85,168.97,187.05,139.8252758,179.5544097,255.6248628,305.9460307,192.353563,177.2500452,0,631.93,837.69,648.07,729.81614,1744.847349,1234.076053,675.2602016,1079.450012,1105.157829,262.25,318.63,308.31,219.1759053,359.3508564,397.8547372,234.3230682,304.342987,338.9961818
Zm00001d052744,14.59,36.14,40.29,205.1516324,58.13310695,36.5286166,12.2107423,38.24265534,54.81563611,11.61,8.63,13.87,9.391175933,12.80011626,24.56629804,7.389716122,15.7157815,17.4570205,0,144.12,477.71,273.23,386.2302102,748.4287768,527.6757395,96.9439959,295.8685884,535.9202535,213.87,113.37,52.24,66.31258728,82.10236397,112.3882102,246.1190881,117.7828277,87.52647636,0,443.91,1266.47,953.28,535.2257732,2372.324688,1492.502144,596.8270708,970.7142543,1324.235603,226.84,458.13,440.97,305.309625,490.2963254,652.5549481,222.0548409,399.9062804,546.7866328
Zm00001d042801,59.94,74.85,90.74,347.3980648,105.5990112,119.6073745,42.32999771,73.12353823,153.9648965,39.86,44.71,37.24,34.8452816,39.9840286,34.31836082,33.00225007,34.62337875,19.21934815,0,154.97,568.72,265.06,571.5153925,885.8430332,484.5542494,116.3856538,461.720095,499.5484231,143.58,99.44,58.36,83.08607843,138.3046466,95.12308864,183.0081981,121.8846492,62.39614348,0,705.74,1269.3,741.55,802.7395543,2298.905302,1228.17987,669.0128886,1301.275312,1148.137724,228.52,414.88,251.04,214.7853327,432.2279077,362.192767,190.913366,307.2058562,369.180803
Zm00001d009372,288.71,688.13,849.99,1084.830199,1123.550573,787.6799135,314.1138808,1169.153968,1050.073861,202.81,287.85,285.48,168.4751135,287.9858148,593.7510168,191.0472137,195.9240808,443.5538309,0,558.65,787.87,660.84,836.2212606,1111.712019,779.3056355,541.064667,1327.452865,1038.535656,277.63,339.25,315.2,260.0977816,408.1707223,475.5102285,250.3257289,323.3239276,442.3353804,0,918.44,1145.96,840.3,936.1272797,1571.961017,1175.794463,1030.211475,1976.087071,1150.300448,476.35,551.89,380.09,459.9495901,857.903929,414.1821447,546.3161495,505.3242418,513.4802006
Zm00001d011710,306.96,381.56,685.29,405.1827442,642.6855754,647.3298677,279.6531241,551.0629108,711.4308502,247.78,312.3,465.21,265.5269429,229.4954434,588.7077296,235.6247102,255.8956913,712.5704181,0,434.96,336.54,552.42,445.7503818,623.091431,743.4314022,547.9667285,594.4913414,954.1716855,319.89,377.06,478.55,280.458192,355.917995,560.8000316,310.8998428,354.7199102,743.7139737,0,444.47,505.92,513.27,322.4014528,722.698606,792.059866,478.6302194,771.0076846,686.9083991,468.02,506.39,293.24,426.649597,417.8454893,328.9762184,534.7171247,409.9690421,596.9918329
Zm00001d013392,413.16,363.1,683.8,506.530995,582.0232698,998.8984891,503.52105,370.0004756,739.9898344,352.68,333.74,589.75,492.6370665,343.8719804,566.9953204,434.4310794,384.146301,416.0369614,0,565.89,447.08,689.43,477.5135559,723.6700893,1002.993083,481.4635514,599.7155429,815.4218722,574.69,568.28,655.24,518.0444245,723.5699839,613.5593878,804.8577512,557.7268121,534.3273133,0,735.19,485.39,648.29,619.6640262,841.4591467,947.4031856,556.964648,974.2696182,682.0838141,573.11,630.43,462.47,607.2795477,744.5456994,460.7333997,1010.517371,571.1505165,532.9925856
Zm00001d006182,292.93,295.65,424.77,394.7048578,463.2596089,497.7049809,260.9279713,300.8808628,622.3830237,308.79,295.45,356.63,342.243666,360.5438667,477.9354079,307.8261939,388.9404082,379.7561978,0,619.73,579.23,598.36,511.4302745,795.3580133,845.3026077,523.5423646,631.7471258,833.9937883,527.39,670.97,597.34,564.7535244,669.1098353,687.166118,707.432208,633.3053982,640.5521317,0,701.01,455.85,553.25,635.0764281,549.7730025,714.9644451,658.616514,626.6932417,614.7499976,577.15,573.12,447.95,613.5449673,611.8019602,539.161998,721.8031798,573.7017997,581.0283243
Zm00001d011185,247.6,344.75,357.78,466.6007136,449.9736759,493.617971,300.4400943,351.7500459,562.7347562,234.63,290.74,265.58,236.760974,242.5314008,364.9716963,201.2176862,222.0415132,413.578912,0,508.77,662.43,538.64,672.8572963,942.0528467,730.1973063,601.1840844,687.6683482,886.9424431,469.68,461.96,485.86,486.8700074,542.7053905,638.0622589,614.741002,437.568968,575.7916704,0,725.73,721.82,534.24,607.2536016,1035.91528,697.3654042,843.0002829,911.0841962,704.3511546,629.03,590.23,431.25,525.4540029,811.8692444,460.7137902,640.7193644,509.0703999,523.4947588
Zm00001d003504,729.02,699.22,415.61,583.4122698,467.7190851,387.0290652,471.2829923,264.1989139,281.0270506,299.43,216.66,736.76,241.2732875,149.9131936,514.9856924,261.9505974,190.8615911,373.6944853,0,876.05,885.4,413.36,1237.004178,859.3424144,502.4859456,947.5781642,391.6147375,415.4261517,355.27,187.71,369.51,320.657371,120.9564319,339.6257852,362.6366567,183.6173402,182.9717081,0,1112.03,921.06,674.18,1217.901162,987.9193838,687.8942331,1116.758929,572.2348808,523.8987058,583.87,406.02,497.7,572.6418001,262.870755,493.1855497,709.347049,283.3035315,522.5509569
Zm00001d049092,787.86,612.69,653.97,653.5596127,703.3861399,613.0113834,691.1831284,533.9237385,607.8011986,490.29,429,571.37,467.0388787,470.3342662,456.0841397,492.4368977,428.5171433,463.2713812,0,1131.83,631.05,501.06,786.495064,639.5711261,435.6906777,827.9853978,399.2015797,508.7079599,549.48,378.41,539.95,441.4387486,368.0950515,477.2540855,420.5503117,316.4026235,331.2934335,0,908.93,531.4,358.69,701.4791746,523.4569297,296.2071279,749.6939814,437.8794194,338.8843595,436.7,360.79,327.81,348.4861552,311.9733143,290.2561822,313.9860671,262.0296934,257.1458068
Zm00001d047479,686.49,762.94,678.47,578.9543691,604.119886,767.463576,576.2935053,453.2304787,591.9743954,408.71,352.16,436.95,413.6215692,285.9142734,413.2840492,413.7177555,257.5024064,429.7169542,0,1020.38,1049.53,699.55,765.4581442,963.4142592,752.6373013,924.945389,658.6430619,656.1950822,494.7,499,384.01,472.9126576,375.308228,379.8525367,473.8733173,350.7104639,421.6630427,0,1062.48,935.7,599.7,719.6368387,938.5741821,610.8208004,980.3402585,701.5364484,671.4905236,488.11,515.94,295.27,513.042167,457.4545993,365.3722296,525.3960222,433.2487494,297.998393
Zm00001d044744,261.06,404.19,1838.19,81.28522084,198.4074769,1890.616988,267.119899,177.2687875,1251.35645,173.79,385.58,2395.72,230.3090408,462.7917175,1967.063617,245.4228039,312.2115131,1845.308097,0,62.48,104.78,462.12,33.04462181,54.42188869,489.8558025,49.5688675,46.36590102,285.0651322,92.54,125.45,781.34,96.14278255,104.4128486,732.6073821,78.20278974,104.2821637,665.589764,0,54.85,67.36,63.55,39.13430548,44.25081002,149.5706752,26.53354644,50.51432471,54.04328042,38.32,54.45,303.06,95.0667323,27.54777277,185.5728,36.00533655,51.92043473,115.5966762
Zm00001d013133,1725.47,819.99,352.72,266.7684385,866.3635423,317.8304664,2775.519785,589.39641,175.5080454,1138.02,776.65,152.94,1016.166304,397.2572379,113.6240816,1026.141085,422.1639733,248.4052297,0,590.85,334.74,217.22,270.41477,342.2501587,167.169953,1106.505712,262.5389712,191.3292519,633.03,374.4,93.45,422.5907373,286.9508046,75.89515115,313.1174091,268.9763652,117.68632,0,360.47,99,68.9,194.9924097,72.53353084,89.96777263,276.8164591,211.2157289,95.90695275,122.8,165.63,35.73,102.3778288,64.82094359,29.69573971,120.8895159,79.78960119,80.03536746
Zm00001d051485,2510.66,608.41,500.87,573.2449204,693.8870039,285.6065617,2033.901707,566.6184423,323.4281817,1626.62,603.92,406.54,1524.821464,933.83786,234.4344249,1275.569436,1302.59373,525.1108646,0,598.39,219.73,208.79,234.2599217,253.2054623,207.7252345,1121.752969,262.4477788,266.4557304,569.74,279.8,200.2,601.6211795,224.2386737,185.1809575,342.9031094,409.9652915,220.5961746,0,257.14,114.15,186.56,221.1487964,141.9389633,152.264348,213.9432481,219.4952161,149.2017249,192.44,147.11,142.92,168.8133828,139.1777986,137.1219875,199.3442528,175.5089648,193.2319644
Zm00001d028950,1479.61,566.49,468.04,391.0778603,719.7004067,433.0732098,2506.34958,753.2985254,404.0104203,1730.97,1192.06,355.32,1943.069616,702.315682,310.4089034,1219.575724,997.184129,571.8317335,0,877.24,252.87,279.33,398.0692914,418.3450163,293.049682,947.8990084,423.2735351,338.9969027,888.08,598.7,305.86,621.1491334,489.8197165,393.2965255,526.0220307,537.1181449,368.882503,0,546.28,158.82,169.84,300.9413301,216.7762913,201.931996,339.3755399,415.1643085,195.6548951,449.31,306.19,187.88,323.3653938,251.9006886,157.2312253,535.0267123,271.2677618,299.8219431
Zm00001d041418,868.46,489.89,539.03,484.1926667,668.1006172,358.7306478,1221.413262,629.4711066,484.9227886,770.33,437.71,245.97,669.7214518,433.2388186,191.8341074,579.3939215,572.3218217,389.5400853,0,450.44,223.4,339.35,245.6419454,283.388816,276.8707744,491.3288072,405.5950088,284.1518128,306.28,309.13,219.81,286.2228745,291.6243025,306.6830085,263.0155237,288.6702065,272.2090007,0,295.43,156.95,187.48,148.5892803,112.2729736,211.8033837,176.1388636,335.2032531,186.9525729,184.16,308.34,192.21,153.3988067,183.1546601,172.8367214,141.9190018,165.4073242,270.3248835
Zm00001d020883,609.63,311.58,324.09,329.4439454,315.4741603,342.3879041,966.7241298,373.5344031,319.0828029,819.9,692.67,394.92,972.5932779,452.4539286,332.9351692,742.6551774,618.6444189,461.4536349,0,373.03,279.59,281.35,292.1256239,246.8740978,301.1053175,396.3462473,309.4546294,286.1486296,592.18,540.24,410.53,498.060848,458.0071403,431.4808342,484.9819941,519.3345209,446.8217887,0,329.14,262.74,303.91,305.1265022,242.3936544,267.5119636,283.5955396,315.3490642,312.6933074,449.6,430.59,387.08,415.3213141,385.3795498,336.6594228,468.4705583,340.9748846,398.6266074
Zm00001d029243,1130.77,732.29,747.48,367.5549534,725.4164931,824.5289274,1408.213227,1013.726726,865.7587257,1130.62,1644.81,860.44,1299.003331,935.8701988,766.0155522,845.7695755,945.1532527,1220.20665,0,517.61,160.28,222,86.50672317,188.0098554,238.4123523,547.7416605,318.8195158,228.5191953,656.24,881.58,398.56,504.4777634,533.8441376,328.6458139,438.6956957,484.5366764,640.907057,0,172.01,16.99,43.35,37.13205038,23.0676907,50.30134373,78.91499479,198.5920201,44.94435896,199.12,203.87,110.81,189.3789577,113.5689473,47.88907881,176.5736081,119.4344204,160.984643
Zm00001d044037,961.98,435.74,323.92,301.9076137,471.4703829,227.7538526,1783.547457,701.8163778,373.2370979,1791.1,1133.15,616.25,1985.659911,747.6294612,253.6819841,1410.223074,1066.837353,753.8150247,0,200.31,136.75,124.34,146.5140433,140.4162867,85.73691297,390.589706,192.43632,110.6392599,455.92,245.7,143.75,399.751625,259.1882818,164.7522953,286.2603794,299.2439546,241.7687564,0,161.29,101.96,112.89,126.7629211,103.8286649,95.15147489,140.7501749,185.6346429,84.31434066,195.73,230.39,115.68,195.0430084,205.7858594,112.0257121,225.3076866,162.8626132,180.4671342
Zm00001d052011,1339.49,598.67,373.1,257.3667915,378.2878128,236.1033443,1557.88609,437.0018189,246.9139888,1319.14,754.41,398.05,1050.642935,555.9307628,235.9907169,848.9996133,1021.923866,531.3925542,0,375.65,184.92,104.71,137.8933524,108.0265667,92.23914431,314.5101268,105.2558743,99.17187695,198.1,162.27,68.39,194.6843932,138.9636845,53.9593651,105.7979741,250.0348815,176.7246412,0,168.47,150.79,89.47,141.9845995,96.79168183,98.78823242,61.31616472,86.30772028,98.10650333,100.83,103.03,82.29,89.58614273,73.3425422,66.77723991,61.3534618,114.8186723,93.89347344
Zm00001d022449,1254.81,1018.79,768.26,895.2516772,992.9153596,673.2314615,1857.232535,1178.687083,907.2126074,1895.65,1916.57,993.31,1928.745713,1589.350046,1090.85391,1606.858632,2173.632427,1484.078921,0,1011.83,767.95,665.85,702.070051,949.1763506,940.2044182,1139.246332,1000.974053,758.0393125,1681.39,1584.74,1285.23,1485.937713,1747.647589,1302.095445,1386.077196,1831.639535,1625.453109,0,918.27,810.98,869.38,713.2432411,944.150418,1149.434634,815.2609718,1102.34237,895.0816531,1358.97,1842.38,1447.66,1331.285524,1990.4512,1088.235975,1454.019477,1910.672947,1973.787206
Zm00001d013534,2573.53,1821.22,1188.15,1485.002961,1825.139949,1205.87219,3152.213306,2122.188594,1134.476231,2471.12,1950.97,1018.83,2412.680644,1772.895748,967.2148125,2318.51746,2126.678714,1105.952322,0,2330.55,1365.34,1244.58,1356.579377,1285.960624,988.8714611,2828.57335,1598.844442,1131.166079,1729.74,1526.28,1218.8,1764.035386,1551.194309,1241.587893,1184.962493,1728.893579,1245.736969,0,1327.4,955.42,1044.57,1028.362998,887.6567917,834.95157,1315.401213,1188.491719,973.787437,1392.05,1173.66,1220.28,1250.455034,1182.969345,1111.249165,1183.877405,1423.570188,1130.795832
Zm00001d037361,2511.23,1089.21,859.3,825.9754445,1240.948571,913.9690324,3875.442384,1114.058967,811.3588651,3288.87,2344.78,1013.5,3005.433637,1538.952932,765.0692233,2242.2227,2455.598797,1293.283991,0,1785.57,676.08,756.18,986.6460676,882.1487,954.9148686,1920.463444,933.1375066,951.4300022,1854.63,1615.43,938.76,1529.658515,1507.859848,1014.453385,1505.827714,1645.887288,1140.353352,0,1578.56,545.79,774.04,1251.941601,695.5536335,952.9331829,1186.249863,980.2162783,910.230262,1565.83,1081.02,795.77,1510.216717,997.3285344,779.8261439,2079.457995,1211.307226,1215.823539
Zm00001d052556,1682.78,935.26,703.67,761.7628463,716.2839664,621.8385091,2271.7341,1190.315533,639.4236709,2558.31,1540.85,931.17,2210.930673,1463.922596,724.5824879,2051.461164,1688.688369,886.216684,0,1041.58,620.88,708.3,626.5002209,441.613462,494.2079042,1018.844885,810.5034718,569.4159833,1079.44,1208.7,847.49,1268.050143,1074.953634,862.1917636,1002.851069,1208.001906,894.491763,0,732.48,521.86,616.46,838.3982267,441.2210582,550.4863041,594.7435284,680.6429973,644.8187869,837.39,834.31,935.51,885.9268963,721.1045318,912.9556846,846.1996642,1033.438046,911.0348835
Zm00001d049694,1871.5,938.1,720.8,766.5505913,853.2781695,813.586339,2724.530672,1224.223059,700.20916,2130.76,1430.45,680.67,2196.282487,1109.337598,572.1036418,1871.539915,1387.928857,702.2735455,0,1485.12,793.42,903.28,995.1163023,673.699878,780.6221792,1781.247557,1169.737958,777.5943443,1336.58,1145.6,749.79,1363.446602,1023.118683,807.5840513,1008.436255,1201.067493,771.6622796,0,1179.79,667.25,700.1,1028.073287,702.1469793,664.7709446,1038.523203,968.112688,797.9784029,1016.72,808.85,847.87,1020.306292,858.2292871,758.4883495,1179.70353,874.7640669,809.7404536
Zm00001d034338,2091.93,811.35,784.49,617.0039673,882.5565259,515.7047984,2876.805701,1144.798023,608.1834915,2115.84,1574.36,682.02,2295.72572,1168.628208,503.57,1678.797024,1501.101635,980.9626169,0,1113.22,370.64,370.61,425.3930847,415.1389397,336.3871088,1468.392493,574.23826,355.2794824,1183.07,770.71,459.12,1075.826256,709.942627,506.6046491,670.1936679,907.5856833,566.9609193,0,452.62,229.66,234.82,298.7609876,247.5315611,257.4908541,381.4690062,438.9508397,251.5786332,462.9,320.17,339.67,426.4844386,359.1189076,297.7614863,329.909894,406.4961455,371.5637972
Zm00001d008725,2434.72,1459.74,869.02,995.505847,1443.402173,781.9401157,2408.866543,1400.953939,805.9346546,2005.84,1164.8,736.33,1878.611777,1329.180371,645.9245011,1806.379988,1692.520094,823.3265094,0,1549.15,882.79,780.87,787.8789868,869.1518425,630.878613,1765.96393,919.6211786,727.1629244,1057.62,746.58,494.39,986.6876883,818.6674048,465.2923484,705.4121402,1201.536554,579.7070404,0,908.5,628.34,562.99,710.8366048,649.1723768,541.0789999,693.358919,832.229462,588.6062039,581.08,468.44,390.72,469.0411156,470.6624158,404.273906,543.5091971,581.1743992,436.092605
Zm00001d032603,956.65,857.65,1570.67,608.5668594,736.5333296,1547.577616,806.502009,749.9421136,1007.735631,567.08,761,1639.23,702.9815197,588.9105115,1654.772288,675.1932196,599.3441296,1523.250013,0,808.52,849.55,861.86,531.0298764,637.3885814,988.9390977,624.9319145,483.710934,610.5280389,507.15,593.61,970.03,477.635142,475.1116784,873.6281427,548.1097869,410.026862,832.7411825,0,650.07,595.79,554.91,572.2204553,562.0925874,675.2582353,500.4235955,486.3961731,574.5566488,336.67,468.64,552.56,361.1450026,445.2170401,559.1853181,375.8785885,342.4868087,561.9472658
Zm00001d020793,1477.96,1289.18,1528.04,834.1221823,1322.88079,1572.060721,1249.085476,1578.245956,1164.52188,870.52,1042.43,821.21,773.1800677,683.4645998,912.1009787,666.3250933,774.1478665,978.5341335,0,1634.75,926.36,1262.29,596.9686638,982.5216619,1045.139914,1552.433967,1222.572448,989.9227161,1046.76,1191.41,899.14,812.3943089,983.948142,894.493291,623.6521176,978.3352956,994.0507792,0,844.34,407.99,527.51,321.8290458,381.1949676,443.049322,759.5244989,903.2187178,434.9344507,737.49,576.8,436.91,471.6959623,505.9478298,332.7912029,516.0895412,520.6018524,490.0132354
Zm00001d014341,1002.52,665.12,727.09,847.1202735,920.847897,664.8830617,1619.852423,1109.098365,690.75445,980.07,875.04,933.57,1172.533466,787.7746568,604.9561544,1011.679389,720.3775132,1097.217994,0,399.61,301.9,226.33,971.4497919,573.5937287,301.0354951,1093.388408,806.4485666,226.2910297,631.55,305.72,194.85,823.4768424,473.5641002,295.9120353,858.8270625,585.1981751,188.2746355,0,466.98,432.32,363.5,1030.383274,603.4127061,429.4731144,853.9897234,881.5980536,268.7377594,796.91,300.66,271.81,815.6398589,489.2703411,431.1735448,1360.785252,368.2329147,317.5364005
Zm00001d006624,973.67,568.6,556.64,549.8809462,692.9857603,588.0624098,1576.233214,836.1249482,670.7160135,1320.32,1043.03,536.43,1495.801348,862.0707153,612.9900604,1171.022126,1072.165258,801.0966228,0,898.22,450.7,669.61,556.4343425,660.3692925,817.075158,1064.556191,713.0624205,925.9422406,1171.81,1163.31,804.25,1008.969743,1094.646972,1041.438048,1010.620016,1120.407402,1155.477759,0,774.98,461.24,504.64,628.2503663,612.1364986,647.3585315,591.7525376,784.1333578,665.0546682,804.1,796.87,641.82,716.8857124,808.112415,631.476322,977.2319828,805.9484686,992.9834823
Zm00001d008340,433.54,359.72,494.09,400.7787982,345.2544112,361.442491,847.9706137,666.5593161,510.8527409,855.95,743.23,556.59,925.8268614,728.3347024,526.607407,775.2879882,910.1759869,734.0267068,0,389.62,492.03,462.47,524.2740189,692.1336249,492.7862478,701.269882,704.8962914,577.8642229,890.01,827.2,728.87,834.279888,798.8911217,812.9556704,727.4889081,879.3553889,918.2913647,0,491.04,995.89,801.85,667.7459955,1121.104835,990.6283645,688.7482264,900.1748826,1000.703408,883.16,1039.14,1226.96,800.1997901,1219.298788,1227.365843,785.8973746,980.0637282,1316.648196
Zm00001d003966,462.37,166.73,275.58,359.2187295,262.361192,155.4914568,532.5632044,270.1018968,319.6743818,710.83,712.46,231.39,692.4682783,434.5399888,326.2347765,301.629537,745.3237022,294.8572454,0,443.51,624.95,405.1,794.8264945,1515.708092,583.7102763,656.6416401,929.6726793,1253.18395,1364.22,1300.83,544.55,967.8823268,1504.948451,854.7321923,1153.291396,1339.203495,1190.297743,0,711.31,1142.02,706.11,1026.216359,2636.407363,1065.443149,1310.576197,2782.873173,1487.245376,1400.62,2180.98,712.44,955.3921351,2313.78415,864.5492461,1087.927098,1681.046056,1532.85173
Zm00001d019698,469.47,576.58,886.86,759.4700094,719.5613738,961.491585,433.2908984,707.1939611,922.9005199,498.47,594.29,770.06,476.2988942,526.2465681,867.7677394,404.36829,501.5902496,844.6779376,0,805.55,828.23,859.55,1089.719689,1141.515251,951.9614017,724.6271769,894.9538698,996.4930303,719.01,662.68,651.42,650.3686604,706.302458,734.1941328,746.3056766,649.1060741,709.894478,0,1148.51,1536.68,1277.13,1278.121158,1850.700682,1432.997917,1367.472697,1299.262511,1395.146518,982.48,1027.56,1064.42,1146.862084,1039.09525,1158.937466,1156.676467,908.8660613,1012.739294
Zm00001d017320,647.59,632.46,749.93,760.5912826,794.2680756,915.0361133,485.6046223,580.515276,988.3394069,441.63,366.75,561.94,457.9960374,469.389036,726.6814425,482.2654454,481.8097492,506.4204163,0,1151.97,1043.95,1072.83,1031.391241,1282.835336,1432.913616,996.9510992,992.7382112,1457.986027,703.25,764.3,840.06,712.8732638,788.6650876,914.143519,812.0311011,791.1172596,736.2139538,0,1421.06,948,1100.5,1225.996533,1172.007366,1411.511623,1329.878469,1199.826374,1293.695356,950.11,847.13,698.87,985.9105439,794.7490892,768.5347978,1307.958139,844.3524073,809.4842184
Zm00001d006512,639.08,790.27,1018.43,868.7304781,867.0352334,1130.250223,513.2833122,667.6979751,1034.954335,539.07,618.65,1206.47,568.9885637,668.8300308,1071.232077,566.334059,598.0337949,958.4150013,0,942.08,1044.92,1113.7,1227.492951,995.2262351,1144.270734,854.1984956,794.0318217,1157.587395,722.13,778.76,1296.49,671.7464528,750.4716676,1283.039525,795.6553168,760.3043059,900.5860496,0,1086.7,1039.94,1160.63,1142.153621,1113.167137,1211.040717,1062.287562,882.5232298,1127.696925,1025.3,951.53,1058.37,943.9871925,887.4739544,1211.547406,1017.539766,857.9838768,974.9956997
Zm00001d045054,854.1,1237.27,852.71,1138.971808,996.1965145,1004.001232,563.219931,678.4007242,888.1969608,591.56,600.43,866.46,640.5978859,670.0017669,1249.742932,726.7098444,537.026112,726.7139541,0,935.21,1018.11,986.8,1183.813448,847.6462503,989.6279973,657.1787921,849.7653154,852.1508432,667.56,561.53,849.41,634.469552,576.566267,924.8256204,635.092964,689.6778347,470.723851,0,892.73,1020.98,1127.7,1219.661912,585.2083915,1137.694092,733.9186337,748.509052,798.214774,1153.2,860,775.05,1124.630071,722.2886934,679.1295819,1162.653853,655.6434413,477.1031974
Zm00001d029688,234.66,230.45,264.55,562.9430755,282.7663497,272.8967247,237.7588594,205.3784699,369.9512368,248.24,293.66,487.42,358.5974064,261.7160177,599.3893648,348.1916549,368.7440906,593.9726742,0,687,673.78,634.88,1835.987857,1174.072347,1120.194574,896.2917789,711.1422782,1085.650238,685.13,528.77,528.73,577.2729235,650.642931,648.8858395,1006.714552,741.3962254,595.509154,0,1173.24,1379.67,1207.89,2277.608723,1679.447738,1702.220688,1613.815853,1322.969676,1503.749068,1186.84,965.71,900.21,1227.052058,1141.9213,1002.090074,1751.849104,1004.446854,1102.878906
Zm00001d005539,625.66,891.79,1085.2,1189.369893,1134.204761,941.6694314,504.0570822,825.8269677,1018.324318,630.99,710.94,1001,678.3383524,804.456504,1144.657511,659.565622,741.1651351,1159.38716,0,896.19,1287.8,1165.83,1505.163203,1478.278602,1228.303087,1084.144466,1264.290797,1322.389774,1140.9,1015.18,1111.16,1266.197411,1170.078915,1210.029251,1333.807612,1160.271005,1185.126167,0,1270.89,1504.49,1324.27,1654.538102,1758.92238,1532.632656,1546.962419,1585.887979,1260.204402,1493.38,1318.28,1153.85,1731.56583,1489.965579,1286.442594,1501.612238,1388.23444,1213.897489
Zm00001d018277,576.6,797.39,588.43,986.7798347,958.2185036,839.5286069,650.2094002,718.2606759,773.7092314,645.13,715.49,800.23,790.8099967,780.5046683,823.8571891,665.3921864,675.5323942,1234.511031,0,982.22,1052.91,802.34,1488.08393,1224.397209,879.0525885,1389.976937,1150.335103,848.0245174,1274.78,930.15,880.68,1467.313298,1166.507517,804.3579426,1453.651109,968.2302443,812.1797214,0,940.88,1043.59,731.29,1166.170621,1017.257421,879.3268954,1272.426907,1380.932908,696.7360915,1492.93,979.3,782.66,1337.729393,1309.991322,798.8216854,1291.118721,913.6822218,817.3762889
Zm00001d041726,58.19,96.2,488.7,1967.01027,201.4003114,2389.428632,400.8010134,71.61048735,1322.125775,107.26,528.33,1474.85,2694.0247,247.8592858,1827.961108,2418.730661,536.4028898,1332.188247,0,476.4,977.46,1477.62,6625.003483,2031.548723,7488.174244,346.6496131,700.3828212,2360.021203,1167.28,964.62,5299.36,2035.025853,1151.666608,5309.692498,5050.852101,3264.765221,3063.8258,0,639.01,3640.2,5563.81,5897.297042,3514.659691,10634.87838,2166.42043,2607.951397,4966.233241,2457.46,4402.9,8906.11,2332.184527,5588.74895,8298.212087,4630.874425,5061.611909,7343.801204
Zm00001d046746,63.86,275.47,438.11,2062.478893,567.4209706,398.3631895,39.07495097,344.6521091,662.9038248,13.95,31.39,112.12,23.44007063,32.96792225,258.9588318,33.77024672,28.83446794,63.35598137,0,1167.42,5192.26,2090.43,3874.507143,8765.406243,4038.367264,957.3941044,3646.440115,5258.524933,887.88,613.59,288.4,575.0838372,733.4779346,492.9338879,1737.814793,788.7193119,447.2372709,0,5598.73,7747.18,4888.54,4503.970387,15179.82251,8345.892382,5701.626358,7767.564748,8450.211678,2026.53,2695.35,1511.5,1671.652619,3331.316167,2095.55497,1653.699419,2258.919073,2092.813194
Zm00001d003512,3758.89,4529.22,3035.41,4985.112947,4404.082975,3874.305896,1922.331311,2959.811396,3801.185067,1746.97,1718.41,1932.29,1562.412245,1579.817478,2264.212311,1543.310294,1330.218707,2075.832833,0,9314.31,7789.69,5566.71,10812.27665,7734.729689,5726.0038,8234.106888,7675.035564,6099.267979,2922.11,2703.75,3441.5,2885.574087,2782.568391,3294.388314,2687.633044,2366.832365,2755.135841,0,8551.69,7101.22,6084.44,10474.88938,6759.60495,6089.338696,9832.440083,7710.706359,6134.36943,4195.23,3679.77,3653.07,3826.74231,3689.637815,3106.474594,3697.698871,3075.460111,2626.32249
Zm00001d040766,3157.63,3539.08,4098.55,3826.373609,4382.483518,4946.496463,2674.156881,2944.807772,4994.585771,2463.7,2694.65,3928.45,2674.656599,2825.68322,4653.693698,2495.500228,2519.22832,4254.262375,0,5006.88,6055.27,5276.18,6014.870429,7277.47444,7182.750247,4428.215453,5265.910286,6808.288442,3723,3886.72,4919.91,3549.863235,3938.016737,5471.94314,4474.308371,3701.659226,4150.500585,0,6273.27,4929.71,4772.35,5559.220851,6057.274359,6526.637129,6633.817718,5645.641606,5528.181502,5008.84,3898.3,4109.87,4996.127757,4408.453131,4226.08312,5099.831479,3832.623248,3951.81083
Zm00001d021169,2769.58,2854.9,3876.84,3055.53939,3489.506103,3762.76081,2205.018737,2519.246765,4150.313519,1842.67,1768.84,3746.02,1974.000786,2035.262041,4288.905018,1978.886322,1889.885312,3818.267445,0,4783,3969.76,4804.98,4899.956089,5343.242757,5620.687427,4698.98447,3608.382132,5303.55579,3342.65,2920.6,4743.93,3044.004497,2948.561154,5069.37853,3371.206766,3190.601403,3815.476705,0,5618.75,3779.68,5415.06,5481.922934,4724.173822,6009.430026,5013.249394,4156.970049,4917.892147,3580.75,3416.4,4303.35,3528.649545,3473.017242,4597.790016,4117.161169,3181.908168,4068.031024